Supplementary data file  3: Differentially expressed genes,,,,,,,,,
Ensembl Gene ID,Gene Symbol,logFC,"95% Confidence Interval, lower bound","95% Confidence Interval,upper bound",Average Expression (pre-adjusted logCPM),t statistic,p-value,FDR estimate,B coefficient
ENSG00000174640,SLCO2A1,-3.44E-01,-4.57E-01,-2.32E-01,7.34E-01,-6.021,3.08E-09,5.06E-05,9.7562558
ENSG00000169432,SCN9A,2.29E-01,1.50E-01,3.09E-01,4.044,5.664,2.34E-08,1.73E-04,8.7716997
ENSG00000165092,ALDH1A1,-2.74E-01,-3.71E-01,-1.78E-01,6.038,-5.609,3.17E-08,1.73E-04,8.5207681
ENSG00000188848,BEND4,2.42E-01,1.56E-01,3.28E-01,3.266,5.519,5.17E-08,2.12E-04,7.9857549
ENSG00000197121,PGAP1,1.67E-01,1.04E-01,2.30E-01,7.021,5.235,2.32E-07,7.62E-04,6.6520065
ENSG00000145022,TCTA,-1.29E-01,-1.77E-01,-7.99E-02,4.589,-5.192,2.90E-07,7.73E-04,6.4501414
ENSG00000168913,ENHO,-2.47E-01,-3.41E-01,-1.52E-01,6.031,-5.128,4.01E-07,7.73E-04,6.1429187
ENSG00000198771,RCSD1,-1.92E-01,-2.66E-01,-1.18E-01,2.768,-5.105,4.49E-07,7.73E-04,5.9640718
ENSG00000125967,NECAB3,-1.52E-01,-2.11E-01,-9.28E-02,4.966,-5.054,5.81E-07,7.73E-04,5.8026304
ENSG00000101412,E2F1,-1.70E-01,-2.36E-01,-1.03E-01,2.589,-5.03,6.56E-07,7.73E-04,5.6035591
ENSG00000253304,TMEM200B,-2.64E-01,-3.68E-01,-1.61E-01,5.10E-01,-5.014,7.12E-07,7.73E-04,5.0970004
ENSG00000172987,HPSE2,-3.58E-01,-4.98E-01,-2.18E-01,1.945,-5.013,7.13E-07,7.73E-04,5.4342119
ENSG00000169836,TACR3,3.10E-01,1.89E-01,4.32E-01,7.69E-01,5.007,7.36E-07,7.73E-04,5.1601671
ENSG00000168453,HR,-2.10E-01,-2.93E-01,-1.28E-01,4.877,-5.007,7.37E-07,7.73E-04,5.5829929
ENSG00000116191,RALGPS2,1.32E-01,8.03E-02,1.84E-01,4.856,4.997,7.75E-07,7.73E-04,5.5352294
ENSG00000135299,ANKRD6,1.25E-01,7.58E-02,1.74E-01,5.291,4.99,7.99E-07,7.73E-04,5.5035138
ENSG00000185477,GPRIN3,1.57E-01,9.53E-02,2.19E-01,4.478,4.983,8.30E-07,7.73E-04,5.4735964
ENSG00000090581,GNPTG,-1.23E-01,-1.72E-01,-7.45E-02,5.469,-4.979,8.47E-07,7.73E-04,5.4490746
ENSG00000128606,LRRC17,-2.28E-01,-3.20E-01,-1.36E-01,1.342,-4.854,1.56E-06,1.35E-03,4.6399596
ENSG00000151718,WWC2,1.09E-01,6.47E-02,1.53E-01,5.111,4.832,1.74E-06,1.43E-03,4.7823389
ENSG00000080298,RFX3,1.29E-01,7.59E-02,1.82E-01,7.184,4.771,2.32E-06,1.82E-03,4.5010264
ENSG00000112964,GHR,1.63E-01,9.56E-02,2.30E-01,2.734,4.759,2.47E-06,1.84E-03,4.4282653
ENSG00000114529,C3orf52,2.71E-01,1.59E-01,3.84E-01,5.25E-01,4.734,2.77E-06,1.98E-03,3.9643588
ENSG00000196998,WDR45,-1.01E-01,-1.43E-01,-5.88E-02,4.498,-4.703,3.22E-06,2.13E-03,4.2223073
ENSG00000157911,PEX10,-1.21E-01,-1.72E-01,-7.06E-02,4.768,-4.702,3.23E-06,2.13E-03,4.2138581
ENSG00000127328,RAB3IP,1.04E-01,6.07E-02,1.48E-01,6.393,4.686,3.49E-06,2.20E-03,4.1238152
ENSG00000197360,ZNF98,-2.53E-01,-3.60E-01,-1.47E-01,1.639,-4.669,3.78E-06,2.30E-03,3.920854
ENSG00000023445,BIRC3,2.21E-01,1.27E-01,3.14E-01,3.44,4.646,4.20E-06,2.46E-03,3.9787142
ENSG00000111913,FAM65B,1.16E-01,6.69E-02,1.65E-01,5.904,4.632,4.49E-06,2.54E-03,3.8940073
ENSG00000141433,ADCYAP1,2.66E-01,1.52E-01,3.79E-01,4.472,4.604,5.11E-06,2.64E-03,3.7960118
ENSG00000131477,RAMP2,-3.08E-01,-4.40E-01,-1.76E-01,3.13E-01,-4.596,5.30E-06,2.64E-03,3.3708336
ENSG00000196233,LCOR,1.15E-01,6.56E-02,1.64E-01,6.579,4.591,5.41E-06,2.64E-03,3.714848
ENSG00000105419,MEIS3,-1.66E-01,-2.37E-01,-9.51E-02,5.572,-4.589,5.47E-06,2.64E-03,3.7176326
ENSG00000134198,TSPAN2,1.84E-01,1.05E-01,2.63E-01,1.619,4.586,5.54E-06,2.64E-03,3.5972878
ENSG00000214944,ARHGEF28,1.26E-01,7.20E-02,1.80E-01,5.174,4.583,5.63E-06,2.64E-03,3.6942225
ENSG00000166603,MC4R,2.70E-01,1.54E-01,3.86E-01,1.278,4.574,5.87E-06,2.68E-03,3.5056913
ENSG00000215897,ZBTB8B,1.91E-01,1.09E-01,2.74E-01,1.109,4.561,6.24E-06,2.76E-03,3.4035195
ENSG00000260800,.,-3.01E-01,-4.31E-01,-1.71E-01,2.961,-4.556,6.38E-06,2.76E-03,3.5832067
ENSG00000080573,COL5A3,-2.80E-01,-4.03E-01,-1.58E-01,4.918,-4.495,8.41E-06,3.54E-03,3.3327152
ENSG00000058063,ATP11B,8.34E-02,4.69E-02,1.20E-01,6.305,4.485,8.81E-06,3.62E-03,3.264073
ENSG00000148660,CAMK2G,-9.56E-02,-1.38E-01,-5.36E-02,7.942,-4.466,9.60E-06,3.85E-03,3.1850767
ENSG00000100592,DAAM1,1.01E-01,5.62E-02,1.45E-01,6.495,4.446,1.05E-05,4.10E-03,3.1006693
ENSG00000135447,PPP1R1A,-1.25E-01,-1.81E-01,-6.98E-02,3.866,-4.43,1.13E-05,4.27E-03,3.0807636
ENSG00000167244,IGF2,-4.06E-01,-5.86E-01,-2.26E-01,2.372,-4.426,1.15E-05,4.27E-03,3.0280962
ENSG00000125843,AP5S1,-1.36E-01,-1.97E-01,-7.57E-02,3.268,-4.422,1.17E-05,4.27E-03,3.0472583
ENSG00000069667,RORA,1.18E-01,6.53E-02,1.70E-01,7.383,4.414,1.21E-05,4.33E-03,2.9658923
ENSG00000104327,CALB1,2.12E-01,1.17E-01,3.06E-01,5.241,4.406,1.26E-05,4.39E-03,2.9546807
ENSG00000196557,CACNA1H,-2.34E-01,-3.38E-01,-1.29E-01,2.753,-4.397,1.31E-05,4.48E-03,2.9319664
ENSG00000260337,.,3.44E-01,1.90E-01,4.98E-01,7.70E-01,4.388,1.36E-05,4.52E-03,2.6928038
ENSG00000167434,CA4,-1.97E-01,-2.85E-01,-1.09E-01,2.974,-4.385,1.38E-05,4.52E-03,2.8961841
ENSG00000072954,TMEM38A,-1.28E-01,-1.85E-01,-7.03E-02,4.977,-4.378,1.42E-05,4.53E-03,2.846735
ENSG00000171448,ZBTB26,1.33E-01,7.33E-02,1.93E-01,3.658,4.376,1.43E-05,4.53E-03,2.8632104
ENSG00000124203,ZNF831,1.51E-01,8.27E-02,2.18E-01,3.859,4.355,1.58E-05,4.89E-03,2.7740889
ENSG00000110172,CHORDC1,2.00E-01,1.10E-01,2.91E-01,6.649,4.351,1.61E-05,4.89E-03,2.7065322
ENSG00000141744,PNMT,-2.41E-01,-3.50E-01,-1.31E-01,1.271,-4.331,1.75E-05,5.22E-03,2.5558905
ENSG00000155966,AFF2,1.16E-01,6.33E-02,1.69E-01,5.72,4.311,1.92E-05,5.62E-03,2.5531794
ENSG00000105711,SCN1B,-1.70E-01,-2.48E-01,-9.18E-02,6.063,-4.279,2.19E-05,6.32E-03,2.4263126
ENSG00000114933,INO80D,1.11E-01,5.98E-02,1.62E-01,6.353,4.275,2.24E-05,6.33E-03,2.4020581
ENSG00000247317,.,-1.29E-01,-1.89E-01,-6.95E-02,2.239,-4.247,2.52E-05,7.02E-03,2.3282078
ENSG00000163602,RYBP,9.97E-02,5.35E-02,1.46E-01,6.259,4.24,2.61E-05,7.14E-03,2.2616317
ENSG00000166947,EPB42,-1.43E-01,-2.10E-01,-7.68E-02,1.829,-4.234,2.67E-05,7.20E-03,2.2477246
ENSG00000009694,TENM1,1.08E-01,5.75E-02,1.58E-01,5.828,4.224,2.79E-05,7.40E-03,2.2036896
ENSG00000002330,BAD,-1.45E-01,-2.13E-01,-7.75E-02,5.285,-4.212,2.93E-05,7.65E-03,2.173258
ENSG00000168566,SNRNP48,1.24E-01,6.60E-02,1.82E-01,4.343,4.202,3.07E-05,7.73E-03,2.1551207
ENSG00000140403,DNAJA4,1.63E-01,8.70E-02,2.40E-01,6.365,4.201,3.08E-05,7.73E-03,2.1073522
ENSG00000106080,FKBP14,1.02E-01,5.45E-02,1.50E-01,4.27,4.199,3.11E-05,7.73E-03,2.146518
ENSG00000172458,IL17D,-1.18E-01,-1.74E-01,-6.29E-02,5.584,-4.194,3.17E-05,7.77E-03,2.0928818
ENSG00000171159,C9orf16,-1.49E-01,-2.19E-01,-7.93E-02,5.091,-4.187,3.27E-05,7.78E-03,2.0791136
ENSG00000136002,ARHGEF4,-1.15E-01,-1.69E-01,-6.11E-02,7.001,-4.185,3.30E-05,7.78E-03,2.0418666
ENSG00000138623,SEMA7A,-1.32E-01,-1.94E-01,-7.01E-02,5.517,-4.184,3.31E-05,7.78E-03,2.0546398
ENSG00000119314,PTBP3,9.08E-02,4.80E-02,1.34E-01,6.04,4.166,3.57E-05,8.06E-03,1.9731012
ENSG00000185105,MYADML2,-2.34E-01,-3.44E-01,-1.24E-01,1.725,-4.165,3.59E-05,8.06E-03,1.9850268
ENSG00000118579,MED28,6.97E-02,3.68E-02,1.03E-01,5.558,4.164,3.60E-05,8.06E-03,1.9754288
ENSG00000136986,DERL1,6.34E-02,3.34E-02,9.33E-02,5.202,4.159,3.69E-05,8.06E-03,1.9619273
ENSG00000260523,.,1.87E-01,9.85E-02,2.75E-01,9.92E-01,4.156,3.72E-05,8.06E-03,1.8724696
ENSG00000212673,.,2.00E-01,1.05E-01,2.94E-01,4.59E-01,4.156,3.73E-05,8.06E-03,1.7864315
ENSG00000183808,RBM12B,1.13E-01,5.92E-02,1.66E-01,5.576,4.142,3.96E-05,8.39E-03,1.8862717
ENSG00000186297,GABRA5,1.42E-01,7.45E-02,2.09E-01,5.925,4.14,3.99E-05,8.39E-03,1.8758998
ENSG00000173258,ZNF483,1.15E-01,6.02E-02,1.69E-01,8.965,4.138,4.03E-05,8.39E-03,1.8662488
ENSG00000143493,INTS7,1.01E-01,5.27E-02,1.48E-01,4.242,4.132,4.13E-05,8.47E-03,1.8885151
ENSG00000180440,SERTM1,1.87E-01,9.77E-02,2.75E-01,4.899,4.125,4.25E-05,8.62E-03,1.8436088
ENSG00000130511,SSBP4,-1.79E-01,-2.64E-01,-9.37E-02,4.896,-4.122,4.31E-05,8.63E-03,1.8327069
ENSG00000260081,.,-2.30E-01,-3.40E-01,-1.20E-01,2.29E-01,-4.11,4.53E-05,8.97E-03,1.5927235
ENSG00000019991,HGF,2.82E-01,1.47E-01,4.16E-01,4.423,4.103,4.66E-05,9.10E-03,1.7704307
ENSG00000166128,RAB8B,1.08E-01,5.64E-02,1.60E-01,6.404,4.099,4.75E-05,9.10E-03,1.7084929
ENSG00000111404,RERGL,-3.82E-01,-5.64E-01,-1.99E-01,1.22,-4.098,4.77E-05,9.10E-03,1.7078568
ENSG00000100003,SEC14L2,-1.25E-01,-1.86E-01,-6.52E-02,5.06,-4.095,4.83E-05,9.10E-03,1.7209279
ENSG00000113805,CNTN3,1.30E-01,6.76E-02,1.92E-01,5.913,4.093,4.88E-05,9.10E-03,1.6893596
ENSG00000181104,F2R,1.69E-01,8.78E-02,2.50E-01,1.981,4.086,5.00E-05,9.22E-03,1.7137642
ENSG00000169955,ZNF747,-8.44E-02,-1.25E-01,-4.38E-02,3.517,-4.084,5.05E-05,9.22E-03,1.7270059
ENSG00000173950,XXYLT1,-9.97E-02,-1.48E-01,-5.17E-02,3.05,-4.08,5.14E-05,9.28E-03,1.7173984
ENSG00000090060,PAPOLA,9.83E-02,5.10E-02,1.46E-01,7.431,4.077,5.21E-05,9.30E-03,1.6226583
ENSG00000164164,OTUD4,1.12E-01,5.79E-02,1.66E-01,6.017,4.072,5.32E-05,9.40E-03,1.6070754
ENSG00000163815,CLEC3B,-3.38E-01,-5.01E-01,-1.75E-01,1.685,-4.064,5.50E-05,9.44E-03,1.6166063
ENSG00000099785,02-Mar,-1.13E-01,-1.67E-01,-5.81E-02,5.658,-4.064,5.51E-05,9.44E-03,1.585513
ENSG00000179331,RAB39A,1.73E-01,8.94E-02,2.57E-01,2.926,4.063,5.53E-05,9.44E-03,1.6529657
ENSG00000203706,SERTAD4-AS1,-2.22E-01,-3.30E-01,-1.15E-01,5.10E-01,-4.06,5.58E-05,9.44E-03,1.4674398
ENSG00000242265,PEG10,1.52E-01,7.85E-02,2.26E-01,7.795,4.055,5.71E-05,9.44E-03,1.539979
ENSG00000131730,CKMT2,-1.55E-01,-2.30E-01,-7.98E-02,2.338,-4.048,5.88E-05,9.44E-03,1.5881658
ENSG00000120833,SOCS2,-1.07E-01,-1.60E-01,-5.53E-02,3.29,-4.047,5.90E-05,9.44E-03,1.5919838
ENSG00000138767,CNOT6L,1.06E-01,5.45E-02,1.58E-01,6.41,4.045,5.93E-05,9.44E-03,1.5034972
ENSG00000162302,RPS6KA4,-1.38E-01,-2.05E-01,-7.09E-02,4.614,-4.044,5.97E-05,9.44E-03,1.5435572
ENSG00000259834,.,1.63E-01,8.37E-02,2.42E-01,4.617,4.044,5.98E-05,9.44E-03,1.5377009
ENSG00000117682,DHDDS,-7.56E-02,-1.12E-01,-3.89E-02,4.397,-4.044,5.98E-05,9.44E-03,1.5478939
ENSG00000149054,ZNF215,1.39E-01,7.09E-02,2.06E-01,2.106,4.027,6.40E-05,9.94E-03,1.5054531
ENSG00000173273,TNKS,8.86E-02,4.54E-02,1.32E-01,7.447,4.027,6.41E-05,9.94E-03,1.4313236
ENSG00000129317,PUS7L,1.03E-01,5.28E-02,1.54E-01,5.596,4.018,6.64E-05,1.02E-02,1.4122408
ENSG00000113083,LOX,1.56E-01,7.98E-02,2.32E-01,2.503,4.017,6.69E-05,1.02E-02,1.4803186
ENSG00000186193,SAPCD2,-1.97E-01,-2.93E-01,-1.01E-01,2.54,-4.015,6.74E-05,1.02E-02,1.4733417
ENSG00000196932,TMEM26,2.21E-01,1.13E-01,3.30E-01,7.54E-01,4.013,6.80E-05,1.02E-02,1.3362394
ENSG00000025796,SEC63,9.18E-02,4.68E-02,1.37E-01,6.149,4.006,6.98E-05,1.03E-02,1.3570033
ENSG00000113300,CNOT6,9.79E-02,4.98E-02,1.46E-01,5.666,3.998,7.23E-05,1.06E-02,1.3321792
ENSG00000171451,DSEL,1.08E-01,5.47E-02,1.61E-01,5.596,3.997,7.26E-05,1.06E-02,1.3304381
ENSG00000105251,SHD,-2.08E-01,-3.10E-01,-1.05E-01,2.058,-3.985,7.61E-05,1.09E-02,1.3514887
ENSG00000186063,AIDA,9.52E-02,4.83E-02,1.42E-01,6.157,3.984,7.66E-05,1.09E-02,1.272066
ENSG00000163637,PRICKLE2,9.60E-02,4.86E-02,1.43E-01,6.95,3.978,7.84E-05,1.11E-02,1.2471698
ENSG00000178149,DALRD3,-1.08E-01,-1.61E-01,-5.45E-02,3.622,-3.971,8.06E-05,1.13E-02,1.3045778
ENSG00000175287,PHYHD1,-2.00E-01,-2.99E-01,-1.01E-01,2.598,-3.965,8.25E-05,1.15E-02,1.2958945
ENSG00000137133,HINT2,-1.30E-01,-1.95E-01,-6.58E-02,2.935,-3.963,8.34E-05,1.15E-02,1.2867471
ENSG00000115020,PIKFYVE,6.08E-02,3.06E-02,9.10E-02,7.357,3.959,8.47E-05,1.15E-02,1.1765555
ENSG00000052795,FNIP2,9.02E-02,4.55E-02,1.35E-01,7.042,3.959,8.48E-05,1.15E-02,1.174625
ENSG00000165879,FRAT1,-1.60E-01,-2.39E-01,-8.05E-02,2.048,-3.957,8.55E-05,1.15E-02,1.2507082
ENSG00000184611,KCNH7,1.16E-01,5.83E-02,1.73E-01,5.596,3.955,8.62E-05,1.15E-02,1.1739371
ENSG00000180957,PITPNB,1.27E-01,6.36E-02,1.90E-01,5.931,3.945,8.96E-05,1.18E-02,1.1314879
ENSG00000063322,MED29,-1.12E-01,-1.67E-01,-5.60E-02,5.587,-3.945,8.98E-05,1.18E-02,1.1383533
ENSG00000003137,CYP26B1,-1.89E-01,-2.83E-01,-9.46E-02,3.617,-3.941,9.12E-05,1.19E-02,1.1937274
ENSG00000068078,FGFR3,-1.94E-01,-2.91E-01,-9.69E-02,6.843,-3.929,9.55E-05,1.24E-02,1.0674816
ENSG00000125503,PPP1R12C,-1.32E-01,-1.98E-01,-6.60E-02,5.804,-3.927,9.64E-05,1.24E-02,1.0701522
ENSG00000096746,HNRNPH3,1.31E-01,6.55E-02,1.97E-01,5.14,3.925,9.70E-05,1.24E-02,1.0785064
ENSG00000139154,AEBP2,9.51E-02,4.74E-02,1.43E-01,6.215,3.914,1.02E-04,1.28E-02,1.0116483
ENSG00000057593,F7,-2.19E-01,-3.29E-01,-1.09E-01,2.35E-01,-3.914,1.02E-04,1.28E-02,0.9373019
ENSG00000178162,.,1.26E-01,6.27E-02,1.90E-01,4.806,3.909,1.04E-04,1.29E-02,1.0292123
ENSG00000176022,B3GALT6,-1.24E-01,-1.87E-01,-6.17E-02,3.585,-3.901,1.07E-04,1.33E-02,1.0484919
ENSG00000157450,RNF111,8.29E-02,4.11E-02,1.25E-01,6.217,3.895,1.10E-04,1.35E-02,0.94091
ENSG00000139915,MDGA2,8.48E-02,4.20E-02,1.28E-01,6.018,3.892,1.11E-04,1.35E-02,0.9335275
ENSG00000184207,PGP,-1.13E-01,-1.71E-01,-5.61E-02,5.088,-3.891,1.11E-04,1.35E-02,0.9580006
ENSG00000172667,ZMAT3,1.01E-01,4.99E-02,1.52E-01,8.068,3.887,1.13E-04,1.35E-02,0.9132075
ENSG00000153989,NUS1,1.04E-01,5.12E-02,1.56E-01,6.199,3.887,1.14E-04,1.35E-02,0.9119778
ENSG00000237517,DGCR5,-1.38E-01,-2.07E-01,-6.80E-02,6.072,-3.884,1.15E-04,1.35E-02,0.9068919
ENSG00000170955,PRKCDBP,-2.47E-01,-3.73E-01,-1.22E-01,6.36E-01,-3.879,1.17E-04,1.37E-02,0.8754108
ENSG00000178741,COX5A,-1.09E-01,-1.65E-01,-5.38E-02,5.509,-3.874,1.20E-04,1.39E-02,0.881443
ENSG00000080224,EPHA6,1.10E-01,5.39E-02,1.65E-01,5.882,3.867,1.23E-04,1.42E-02,0.8466517
ENSG00000269337,.,-1.53E-01,-2.32E-01,-7.54E-02,3.638,-3.863,1.25E-04,1.42E-02,0.9116753
ENSG00000145920,CPLX2,-1.33E-01,-2.00E-01,-6.51E-02,8.916,-3.863,1.25E-04,1.42E-02,0.8298431
ENSG00000225978,HAR1A,-1.77E-01,-2.67E-01,-8.67E-02,3.171,-3.858,1.27E-04,1.42E-02,0.9066086
ENSG00000174403,C20orf166-AS1,-2.42E-01,-3.66E-01,-1.19E-01,2.98E-01,-3.857,1.28E-04,1.42E-02,0.7596805
ENSG00000136205,TNS3,-1.76E-01,-2.66E-01,-8.65E-02,6.487,-3.856,1.28E-04,1.42E-02,0.8000549
ENSG00000251602,.,-1.43E-01,-2.16E-01,-7.02E-02,1.039,-3.856,1.28E-04,1.42E-02,0.8365106
ENSG00000183340,JRKL,9.57E-02,4.69E-02,1.44E-01,3.841,3.856,1.29E-04,1.42E-02,0.8753302
ENSG00000132622,HSPA12B,-1.91E-01,-2.89E-01,-9.37E-02,1.53,-3.852,1.30E-04,1.42E-02,0.8655069
ENSG00000129103,SUMF2,-1.05E-01,-1.58E-01,-5.12E-02,5.496,-3.85,1.31E-04,1.42E-02,0.7944694
ENSG00000152467,ZSCAN1,-1.89E-01,-2.85E-01,-9.25E-02,6.77E-01,-3.847,1.33E-04,1.42E-02,0.7610991
ENSG00000169213,RAB3B,1.55E-01,7.57E-02,2.34E-01,6.274,3.846,1.33E-04,1.42E-02,0.7656581
ENSG00000198160,MIER1,1.04E-01,5.06E-02,1.57E-01,6.025,3.841,1.36E-04,1.42E-02,0.7460661
ENSG00000108641,B9D1,-1.34E-01,-2.03E-01,-6.57E-02,3.241,-3.841,1.36E-04,1.42E-02,0.8445467
ENSG00000145451,GLRA3,1.66E-01,8.12E-02,2.51E-01,6.812,3.839,1.37E-04,1.42E-02,0.7343055
ENSG00000215375,MYL5,-1.80E-01,-2.72E-01,-8.77E-02,2.343,-3.838,1.38E-04,1.42E-02,0.8440765
ENSG00000154928,EPHB1,-1.23E-01,-1.85E-01,-5.98E-02,4.129,-3.838,1.38E-04,1.42E-02,0.801786
ENSG00000106299,WASL,1.25E-01,6.12E-02,1.90E-01,7.28,3.837,1.38E-04,1.42E-02,0.7271394
ENSG00000010361,FUZ,-1.20E-01,-1.81E-01,-5.84E-02,3.705,-3.836,1.39E-04,1.42E-02,0.8136734
ENSG00000103260,METRN,-2.01E-01,-3.04E-01,-9.78E-02,5.568,-3.828,1.43E-04,1.46E-02,0.7135984
ENSG00000162623,TYW3,1.12E-01,5.46E-02,1.70E-01,5.288,3.827,1.44E-04,1.46E-02,0.7146384
ENSG00000138018,EPT1,9.93E-02,4.83E-02,1.50E-01,7.524,3.825,1.45E-04,1.46E-02,0.684276
ENSG00000230551,.,1.32E-01,6.43E-02,2.00E-01,5.227,3.822,1.47E-04,1.47E-02,0.6990131
ENSG00000175556,LONRF3,1.38E-01,6.67E-02,2.09E-01,3.626,3.813,1.52E-04,1.51E-02,0.7320578
ENSG00000162241,SLC25A45,-1.46E-01,-2.21E-01,-7.07E-02,1.975,-3.812,1.53E-04,1.51E-02,0.7434648
ENSG00000167103,PIP5KL1,-1.79E-01,-2.71E-01,-8.64E-02,4.34E-01,-3.807,1.56E-04,1.53E-02,0.6121858
ENSG00000198380,GFPT1,8.57E-02,4.15E-02,1.30E-01,6.794,3.802,1.59E-04,1.54E-02,0.6019166
ENSG00000102531,FNDC3A,6.96E-02,3.36E-02,1.06E-01,7.23,3.802,1.59E-04,1.54E-02,0.5990659
ENSG00000130653,PNPLA7,-1.76E-01,-2.67E-01,-8.51E-02,3.348,-3.801,1.59E-04,1.54E-02,0.7036989
ENSG00000235863,B3GALT4,-1.32E-01,-2.01E-01,-6.39E-02,2.096,-3.799,1.61E-04,1.54E-02,0.7034846
ENSG00000115073,ACTR1B,-1.32E-01,-2.00E-01,-6.36E-02,6.719,-3.796,1.63E-04,1.54E-02,0.5817323
ENSG00000105048,TNNT1,-2.20E-01,-3.33E-01,-1.06E-01,1.758,-3.796,1.63E-04,1.54E-02,0.6835514
ENSG00000198146,ZNF770,8.97E-02,4.33E-02,1.36E-01,7.128,3.795,1.63E-04,1.54E-02,0.5744484
ENSG00000173452,TMEM196,1.28E-01,6.17E-02,1.94E-01,4.843,3.794,1.64E-04,1.54E-02,0.6117312
ENSG00000125462,C1orf61,-1.44E-01,-2.19E-01,-6.95E-02,7.216,-3.792,1.65E-04,1.54E-02,0.5646356
ENSG00000228801,.,-1.44E-01,-2.19E-01,-6.95E-02,9.98E-01,-3.789,1.68E-04,1.55E-02,0.608803
ENSG00000143322,ABL2,8.87E-02,4.27E-02,1.35E-01,6.806,3.788,1.68E-04,1.55E-02,0.5493757
ENSG00000144152,FBLN7,-1.84E-01,-2.80E-01,-8.85E-02,2.922,-3.782,1.72E-04,1.57E-02,0.6478068
ENSG00000171724,VAT1L,1.57E-01,7.53E-02,2.38E-01,5.159,3.782,1.72E-04,1.57E-02,0.5578571
ENSG00000166337,TAF10,-9.08E-02,-1.38E-01,-4.36E-02,4.258,-3.777,1.76E-04,1.58E-02,0.577654
ENSG00000110660,SLC35F2,1.19E-01,5.72E-02,1.81E-01,2.891,3.776,1.76E-04,1.58E-02,0.62593
ENSG00000104522,TSTA3,-1.22E-01,-1.86E-01,-5.86E-02,3.452,-3.775,1.77E-04,1.58E-02,0.6072798
ENSG00000142634,EFHD2,-1.18E-01,-1.79E-01,-5.64E-02,5.507,-3.769,1.81E-04,1.61E-02,0.5023088
ENSG00000173406,DAB1,1.20E-01,5.76E-02,1.83E-01,3.84,3.769,1.81E-04,1.61E-02,0.5685044
ENSG00000168939,SPRY3,1.26E-01,6.04E-02,1.92E-01,3.789,3.767,1.82E-04,1.61E-02,0.5652751
ENSG00000017427,IGF1,1.70E-01,8.13E-02,2.59E-01,3.526,3.762,1.86E-04,1.63E-02,0.5575807
ENSG00000215021,PHB2,-9.52E-02,-1.45E-01,-4.55E-02,5.491,-3.76,1.87E-04,1.63E-02,0.4722413
ENSG00000197713,RPE,8.18E-02,3.91E-02,1.25E-01,5.355,3.759,1.88E-04,1.63E-02,0.4692542
ENSG00000141441,FAM59A,1.01E-01,4.80E-02,1.53E-01,5.29,3.758,1.89E-04,1.63E-02,0.4672653
ENSG00000205309,NT5M,-1.42E-01,-2.16E-01,-6.76E-02,2.658,-3.756,1.90E-04,1.63E-02,0.5611856
ENSG00000119812,FAM98A,1.07E-01,5.09E-02,1.62E-01,4.951,3.756,1.90E-04,1.63E-02,0.4721651
ENSG00000161281,COX7A1,-2.41E-01,-3.66E-01,-1.15E-01,4.277,-3.753,1.92E-04,1.64E-02,0.4977282
ENSG00000158806,NPM2,-1.26E-01,-1.92E-01,-6.00E-02,5.242,-3.748,1.96E-04,1.66E-02,0.4400704
ENSG00000132561,MATN2,1.28E-01,6.09E-02,1.95E-01,4.292,3.746,1.98E-04,1.67E-02,0.4654149
ENSG00000151233,GXYLT1,9.86E-02,4.69E-02,1.50E-01,4.764,3.743,2.00E-04,1.67E-02,0.4346586
ENSG00000167614,TTYH1,-1.46E-01,-2.23E-01,-6.91E-02,6.986,-3.73,2.10E-04,1.75E-02,0.3451471
ENSG00000254615,.,1.40E-01,6.59E-02,2.13E-01,3.358,3.725,2.14E-04,1.77E-02,0.4372818
ENSG00000012061,ERCC1,-7.99E-02,-1.22E-01,-3.78E-02,4.871,-3.725,2.15E-04,1.77E-02,0.3687476
ENSG00000072415,MPP5,6.73E-02,3.17E-02,1.03E-01,6.935,3.717,2.22E-04,1.82E-02,0.2969729
ENSG00000165795,NDRG2,-1.37E-01,-2.10E-01,-6.48E-02,8.561,-3.714,2.24E-04,1.83E-02,0.2936611
ENSG00000147231,CXorf57,1.11E-01,5.23E-02,1.70E-01,3.741,3.708,2.29E-04,1.86E-02,0.3618489
ENSG00000127564,PKMYT1,-1.88E-01,-2.87E-01,-8.81E-02,6.15E-02,-3.701,2.36E-04,1.91E-02,0.2254772
ENSG00000160226,C21orf2,-1.30E-01,-2.00E-01,-6.12E-02,4.514,-3.699,2.37E-04,1.91E-02,0.2962516
ENSG00000140945,CDH13,1.24E-01,5.83E-02,1.90E-01,6.255,3.698,2.38E-04,1.91E-02,0.2379055
ENSG00000140104,C14orf79,-1.18E-01,-1.80E-01,-5.51E-02,3.367,-3.697,2.40E-04,1.91E-02,0.3391855
ENSG00000182600,C2orf82,-2.35E-01,-3.60E-01,-1.10E-01,3.9,-3.692,2.43E-04,1.93E-02,0.3011851
ENSG00000040608,RTN4R,-1.78E-01,-2.72E-01,-8.31E-02,3.883,-3.689,2.47E-04,1.95E-02,0.2925862
ENSG00000122566,HNRNPA2B1,1.07E-01,5.00E-02,1.64E-01,7.46,3.688,2.48E-04,1.95E-02,0.197009
ENSG00000112146,FBXO9,-8.88E-02,-1.36E-01,-4.15E-02,6.569,-3.684,2.51E-04,1.95E-02,0.1846398
ENSG00000174032,SLC25A30,7.98E-02,3.72E-02,1.22E-01,3.636,3.684,2.52E-04,1.95E-02,0.2818041
ENSG00000184602,SNN,-9.95E-02,-1.53E-01,-4.65E-02,7.741,-3.683,2.52E-04,1.95E-02,0.1824537
ENSG00000035862,TIMP2,1.00E-01,4.68E-02,1.54E-01,6.185,3.679,2.56E-04,1.97E-02,0.1705302
ENSG00000226757,.,-1.46E-01,-2.24E-01,-6.80E-02,1.212,-3.674,2.61E-04,2.00E-02,0.2526385
ENSG00000184924,PTRHD1,-1.16E-01,-1.78E-01,-5.38E-02,3.169,-3.671,2.64E-04,2.00E-02,0.2588619
ENSG00000129235,TXNDC17,-9.10E-02,-1.40E-01,-4.23E-02,3.345,-3.67,2.65E-04,2.00E-02,0.24781
ENSG00000178814,OPLAH,-1.84E-01,-2.83E-01,-8.54E-02,2.627,-3.666,2.69E-04,2.00E-02,0.2589436
ENSG00000238098,ABCA17P,1.24E-01,5.77E-02,1.91E-01,2.317,3.666,2.69E-04,2.00E-02,0.2608036
ENSG00000167705,RILP,-1.29E-01,-1.98E-01,-5.98E-02,2.793,-3.666,2.69E-04,2.00E-02,0.2545445
ENSG00000248487,ABHD14A,-1.16E-01,-1.79E-01,-5.40E-02,3.66,-3.666,2.69E-04,2.00E-02,0.2224492
ENSG00000115226,FNDC4,-1.23E-01,-1.88E-01,-5.69E-02,5.578,-3.666,2.69E-04,2.00E-02,0.1415652
ENSG00000198586,TLK1,8.71E-02,4.04E-02,1.34E-01,7.163,3.664,2.71E-04,2.00E-02,0.1145082
ENSG00000205704,LINC00634,-1.74E-01,-2.68E-01,-8.06E-02,3.076,-3.657,2.78E-04,2.05E-02,0.216632
ENSG00000149761,NUDT22,-1.31E-01,-2.02E-01,-6.08E-02,3.442,-3.655,2.80E-04,2.06E-02,0.1965329
ENSG00000167779,IGFBP6,-1.49E-01,-2.29E-01,-6.89E-02,2.838,-3.65,2.86E-04,2.07E-02,0.1989057
ENSG00000100865,CINP,-7.83E-02,-1.21E-01,-3.62E-02,4.881,-3.65,2.86E-04,2.07E-02,0.1070091
ENSG00000063176,SPHK2,-1.33E-01,-2.04E-01,-6.13E-02,4.176,-3.649,2.87E-04,2.07E-02,0.1408126
ENSG00000173566,NUDT18,-1.72E-01,-2.64E-01,-7.92E-02,2.433,-3.649,2.88E-04,2.07E-02,0.2011513
ENSG00000167740,CYB5D2,-9.23E-02,-1.42E-01,-4.26E-02,4.496,-3.646,2.90E-04,2.08E-02,0.1141374
ENSG00000010319,SEMA3G,-2.50E-01,-3.85E-01,-1.15E-01,2.268,-3.644,2.93E-04,2.09E-02,0.1873784
ENSG00000205791,LOH12CR2,-1.16E-01,-1.78E-01,-5.33E-02,2.038,-3.641,2.96E-04,2.09E-02,0.1750622
ENSG00000101400,SNTA1,-1.43E-01,-2.20E-01,-6.57E-02,6.064,-3.64,2.97E-04,2.09E-02,0.0397075
ENSG00000269176,.,-1.27E-01,-1.96E-01,-5.86E-02,1.101,-3.64,2.97E-04,2.09E-02,0.1389505
ENSG00000056586,RC3H2,7.21E-02,3.32E-02,1.11E-01,7.565,3.639,2.98E-04,2.09E-02,0.0276657
ENSG00000120868,APAF1,7.85E-02,3.61E-02,1.21E-01,5.686,3.637,3.00E-04,2.10E-02,0.0338561
ENSG00000103740,ACSBG1,-1.43E-01,-2.20E-01,-6.58E-02,5.78,-3.634,3.04E-04,2.11E-02,0.024201
ENSG00000170153,RNF150,1.19E-01,5.46E-02,1.83E-01,5.197,3.634,3.04E-04,2.11E-02,0.0383504
ENSG00000152484,USP12,8.33E-02,3.82E-02,1.28E-01,6.71,3.628,3.12E-04,2.15E-02,-0.0123994
ENSG00000175105,ZNF654,9.19E-02,4.21E-02,1.42E-01,5.713,3.624,3.16E-04,2.17E-02,-0.011006
ENSG00000236576,.,2.06E-01,9.42E-02,3.17E-01,4.92E-01,3.623,3.17E-04,2.17E-02,0.039346
ENSG00000014914,MTMR11,1.31E-01,5.98E-02,2.01E-01,2.42,3.622,3.18E-04,2.17E-02,0.1147589
ENSG00000176340,COX8A,-1.58E-01,-2.43E-01,-7.21E-02,6.242,-3.62,3.20E-04,2.17E-02,-0.0286879
ENSG00000124104,SNX21,-1.03E-01,-1.59E-01,-4.72E-02,4.154,-3.619,3.22E-04,2.17E-02,0.0388
ENSG00000101189,MRGBP,-8.37E-02,-1.29E-01,-3.83E-02,3.369,-3.617,3.24E-04,2.18E-02,0.069474
ENSG00000157593,SLC35B2,-1.14E-01,-1.76E-01,-5.19E-02,4.117,-3.614,3.28E-04,2.20E-02,0.0209666
ENSG00000138629,UBL7,-1.05E-01,-1.62E-01,-4.79E-02,4.479,-3.613,3.29E-04,2.20E-02,0.0015647
ENSG00000260578,.,1.69E-01,7.69E-02,2.61E-01,1.275,3.604,3.40E-04,2.26E-02,0.0349235
ENSG00000151611,MMAA,1.08E-01,4.92E-02,1.67E-01,3.273,3.604,3.41E-04,2.26E-02,0.0282123
ENSG00000170075,GPR37L1,-1.87E-01,-2.89E-01,-8.50E-02,5.51,-3.599,3.48E-04,2.29E-02,-0.0885649
ENSG00000128059,PPAT,7.60E-02,3.45E-02,1.18E-01,5.228,3.595,3.52E-04,2.31E-02,-0.094085
ENSG00000236279,CLEC2L,-1.39E-01,-2.16E-01,-6.32E-02,3.248,-3.594,3.53E-04,2.31E-02,0.0007144
ENSG00000118729,CASQ2,-2.66E-01,-4.11E-01,-1.21E-01,3.00E-01,-3.593,3.54E-04,2.31E-02,-0.0660472
ENSG00000162971,TYW5,8.77E-02,3.97E-02,1.36E-01,4.641,3.592,3.57E-04,2.31E-02,-0.0824193
ENSG00000128881,TTBK2,8.84E-02,4.00E-02,1.37E-01,8.064,3.588,3.62E-04,2.33E-02,-0.1443364
ENSG00000132164,SLC6A11,-1.29E-01,-2.00E-01,-5.85E-02,4.93,-3.588,3.62E-04,2.33E-02,-0.1052401
ENSG00000108256,NUFIP2,8.76E-02,3.97E-02,1.36E-01,7.941,3.587,3.63E-04,2.33E-02,-0.1479047
ENSG00000107537,PHYH,-8.12E-02,-1.26E-01,-3.67E-02,4.289,-3.586,3.64E-04,2.33E-02,-0.0809019
ENSG00000132563,REEP2,-1.08E-01,-1.67E-01,-4.88E-02,6.079,-3.584,3.67E-04,2.33E-02,-0.1522738
ENSG00000178163,ZNF518B,6.98E-02,3.16E-02,1.08E-01,6.372,3.582,3.70E-04,2.33E-02,-0.1649795
ENSG00000010379,SLC6A13,-2.16E-01,-3.34E-01,-9.75E-02,1.512,-3.582,3.70E-04,2.33E-02,-0.0253364
ENSG00000080824,HSP90AA1,1.48E-01,6.68E-02,2.29E-01,1.01E+01,3.582,3.70E-04,2.33E-02,-0.1453598
ENSG00000144550,CPNE9,-1.34E-01,-2.07E-01,-6.05E-02,3.765,-3.58,3.72E-04,2.33E-02,-0.0699736
ENSG00000135870,RC3H1,9.81E-02,4.43E-02,1.52E-01,6.506,3.579,3.73E-04,2.33E-02,-0.1765153
ENSG00000071073,MGAT4A,7.85E-02,3.54E-02,1.22E-01,7.437,3.578,3.75E-04,2.34E-02,-0.1808289
ENSG00000269138,ZNF209P,-2.49E-01,-3.86E-01,-1.12E-01,9.27E-01,-3.577,3.77E-04,2.34E-02,-0.0748899
ENSG00000105669,COPE,-1.10E-01,-1.70E-01,-4.95E-02,5.42,-3.573,3.82E-04,2.35E-02,-0.1714292
ENSG00000159784,FAM131B,-8.70E-02,-1.35E-01,-3.92E-02,7.335,-3.573,3.82E-04,2.35E-02,-0.1964555
ENSG00000255248,.,9.83E-02,4.43E-02,1.52E-01,6.977,3.572,3.84E-04,2.35E-02,-0.2024253
ENSG00000055332,EIF2AK2,8.86E-02,3.98E-02,1.37E-01,7.504,3.57,3.87E-04,2.36E-02,-0.209232
ENSG00000113916,BCL6,1.56E-01,7.02E-02,2.42E-01,4.838,3.569,3.88E-04,2.36E-02,-0.1665801
ENSG00000176273,SLC35G1,-1.28E-01,-1.98E-01,-5.75E-02,1.819,-3.568,3.89E-04,2.36E-02,-0.0613685
ENSG00000172889,EGFL7,-1.29E-01,-2.00E-01,-5.78E-02,4.919,-3.568,3.90E-04,2.36E-02,-0.1693912
ENSG00000196372,ASB13,-9.93E-02,-1.54E-01,-4.46E-02,4.6,-3.564,3.95E-04,2.37E-02,-0.1677429
ENSG00000083799,CYLD,7.66E-02,3.44E-02,1.19E-01,7.462,3.564,3.96E-04,2.37E-02,-0.2284645
ENSG00000081692,JMJD4,-1.14E-01,-1.76E-01,-5.09E-02,3.424,-3.555,4.09E-04,2.44E-02,-0.1371923
ENSG00000260214,.,1.51E-01,6.76E-02,2.35E-01,4.58,3.553,4.13E-04,2.44E-02,-0.2091416
ENSG00000168936,TMEM129,-1.46E-01,-2.27E-01,-6.54E-02,4.784,-3.553,4.13E-04,2.44E-02,-0.2158525
ENSG00000257742,.,1.27E-01,5.68E-02,1.97E-01,4.317,3.552,4.13E-04,2.44E-02,-0.1984853
ENSG00000163481,RNF25,-9.94E-02,-1.54E-01,-4.45E-02,3.424,-3.551,4.14E-04,2.44E-02,-0.150483
ENSG00000172757,CFL1,-1.02E-01,-1.58E-01,-4.55E-02,7.832,-3.549,4.18E-04,2.45E-02,-0.2754986
ENSG00000143776,CDC42BPA,7.29E-02,3.25E-02,1.13E-01,8.442,3.549,4.19E-04,2.45E-02,-0.2744305
ENSG00000166750,SLFN5,1.15E-01,5.12E-02,1.78E-01,4.824,3.547,4.21E-04,2.45E-02,-0.2408535
ENSG00000227799,.,-1.43E-01,-2.22E-01,-6.38E-02,9.23E-01,-3.545,4.25E-04,2.46E-02,-0.1732314
ENSG00000123496,IL13RA2,2.09E-01,9.30E-02,3.24E-01,3.78E-01,3.544,4.26E-04,2.46E-02,-0.2020544
ENSG00000102225,CDK16,-1.13E-01,-1.76E-01,-5.04E-02,5.766,-3.542,4.30E-04,2.47E-02,-0.2896393
ENSG00000170522,ELOVL6,9.98E-02,4.44E-02,1.55E-01,5.658,3.542,4.30E-04,2.47E-02,-0.2893745
ENSG00000145911,N4BP3,-1.17E-01,-1.82E-01,-5.19E-02,3.883,-3.535,4.41E-04,2.52E-02,-0.2283354
ENSG00000153914,SREK1,9.52E-02,4.23E-02,1.48E-01,7.063,3.534,4.42E-04,2.52E-02,-0.3304448
ENSG00000105939,ZC3HAV1,1.54E-01,6.84E-02,2.40E-01,4.309,3.53,4.49E-04,2.55E-02,-0.2710716
ENSG00000234661,CHL1-AS1,1.79E-01,7.95E-02,2.79E-01,7.12E-01,3.526,4.55E-04,2.58E-02,-0.2417155
ENSG00000135469,COQ10A,-9.31E-02,-1.45E-01,-4.12E-02,3.316,-3.525,4.57E-04,2.58E-02,-0.232663
ENSG00000168993,CPLX1,-1.80E-01,-2.80E-01,-7.95E-02,5.455,-3.523,4.60E-04,2.58E-02,-0.3402155
ENSG00000205795,CYS1,-1.40E-01,-2.18E-01,-6.19E-02,3.034,-3.523,4.61E-04,2.58E-02,-0.22607
ENSG00000235711,ANKRD34C,1.55E-01,6.86E-02,2.42E-01,3.482,3.515,4.74E-04,2.64E-02,-0.2737559
ENSG00000078596,ITM2A,-1.58E-01,-2.46E-01,-6.96E-02,5.673,-3.514,4.76E-04,2.64E-02,-0.3800769
ENSG00000114416,FXR1,8.63E-02,3.81E-02,1.35E-01,6.818,3.513,4.77E-04,2.64E-02,-0.3998431
ENSG00000176533,GNG7,-1.18E-01,-1.85E-01,-5.22E-02,5.626,-3.513,4.78E-04,2.64E-02,-0.3822134
ENSG00000134709,HOOK1,1.03E-01,4.52E-02,1.60E-01,6.563,3.51,4.83E-04,2.65E-02,-0.4089844
ENSG00000187778,MCRS1,-7.46E-02,-1.16E-01,-3.29E-02,5.117,-3.508,4.86E-04,2.65E-02,-0.3791124
ENSG00000103460,TOX3,1.60E-01,7.03E-02,2.49E-01,1.909,3.508,4.87E-04,2.65E-02,-0.2524533
ENSG00000162076,FLYWCH2,-1.21E-01,-1.88E-01,-5.30E-02,3.526,-3.508,4.87E-04,2.65E-02,-0.2979701
ENSG00000153814,JAZF1,1.13E-01,4.99E-02,1.77E-01,5.801,3.507,4.89E-04,2.65E-02,-0.4080488
ENSG00000163947,ARHGEF3,1.06E-01,4.68E-02,1.66E-01,6.36,3.506,4.90E-04,2.65E-02,-0.419525
ENSG00000162433,AK4,1.00E-01,4.41E-02,1.57E-01,6.338,3.504,4.94E-04,2.67E-02,-0.4289646
ENSG00000196628,TCF4,6.31E-02,2.77E-02,9.85E-02,8.85,3.502,4.97E-04,2.68E-02,-0.4260353
ENSG00000149357,LAMTOR1,-9.18E-02,-1.43E-01,-4.03E-02,4.724,-3.5,5.01E-04,2.69E-02,-0.3888566
ENSG00000073614,KDM5A,5.98E-02,2.62E-02,9.34E-02,7.022,3.496,5.08E-04,2.71E-02,-0.4566806
ENSG00000182809,CRIP2,-1.35E-01,-2.11E-01,-5.92E-02,5.285,-3.496,5.09E-04,2.71E-02,-0.4240658
ENSG00000263878,DLGAP1-AS4,-1.52E-01,-2.37E-01,-6.65E-02,2.116,-3.495,5.10E-04,2.71E-02,-0.2924478
ENSG00000169926,KLF13,-7.43E-02,-1.16E-01,-3.25E-02,7.046,-3.494,5.13E-04,2.72E-02,-0.4656168
ENSG00000176909,MAMSTR,-1.83E-01,-2.87E-01,-8.02E-02,-9.58E-05,-3.491,5.18E-04,2.73E-02,-0.414896
ENSG00000151458,ANKRD50,9.03E-02,3.95E-02,1.41E-01,6.218,3.491,5.19E-04,2.73E-02,-0.4702865
ENSG00000172795,DCP2,1.00E-01,4.36E-02,1.56E-01,7.377,3.484,5.31E-04,2.76E-02,-0.4958326
ENSG00000110011,DNAJC4,-1.23E-01,-1.92E-01,-5.35E-02,2.532,-3.484,5.32E-04,2.76E-02,-0.3335958
ENSG00000142609,C1orf222,-1.30E-01,-2.04E-01,-5.68E-02,2.509,-3.484,5.32E-04,2.76E-02,-0.333346
ENSG00000082898,XPO1,7.88E-02,3.44E-02,1.23E-01,8.087,3.483,5.33E-04,2.76E-02,-0.4945147
ENSG00000170703,TTLL6,-2.15E-01,-3.36E-01,-9.36E-02,4.12E-01,-3.483,5.34E-04,2.76E-02,-0.3989779
ENSG00000107949,BCCIP,9.79E-02,4.27E-02,1.53E-01,4.701,3.482,5.35E-04,2.76E-02,-0.4506713
ENSG00000120913,PDLIM2,-1.39E-01,-2.18E-01,-6.07E-02,2.685,-3.482,5.36E-04,2.76E-02,-0.3456525
ENSG00000236790,LINC00299,-1.36E-01,-2.13E-01,-5.93E-02,2.808,-3.479,5.41E-04,2.78E-02,-0.3590676
ENSG00000059915,PSD,-1.15E-01,-1.80E-01,-5.00E-02,7.583,-3.477,5.45E-04,2.79E-02,-0.5182448
ENSG00000153827,TRIP12,5.87E-02,2.56E-02,9.19E-02,8.154,3.476,5.46E-04,2.79E-02,-0.5171464
ENSG00000169100,SLC25A6,-1.05E-01,-1.65E-01,-4.58E-02,6.649,-3.476,5.48E-04,2.79E-02,-0.5221127
ENSG00000172748,ZNF596,-1.24E-01,-1.93E-01,-5.37E-02,3.252,-3.474,5.52E-04,2.80E-02,-0.3949022
ENSG00000058673,ZC3H11A,8.28E-02,3.60E-02,1.30E-01,7.248,3.472,5.56E-04,2.80E-02,-0.537459
ENSG00000047662,FAM184B,8.03E-02,3.48E-02,1.26E-01,5.244,3.471,5.58E-04,2.80E-02,-0.5124743
ENSG00000164066,INTU,8.47E-02,3.68E-02,1.33E-01,5.819,3.47,5.59E-04,2.80E-02,-0.5305895
ENSG00000096717,SIRT1,7.45E-02,3.23E-02,1.17E-01,5.289,3.47,5.59E-04,2.80E-02,-0.5155503
ENSG00000173542,MOB1B,1.13E-01,4.90E-02,1.77E-01,6.678,3.468,5.63E-04,2.81E-02,-0.5488545
ENSG00000120903,CHRNA2,-1.83E-01,-2.86E-01,-7.91E-02,1.316,-3.465,5.69E-04,2.83E-02,-0.3972079
ENSG00000155657,TTN,1.45E-01,6.26E-02,2.27E-01,7.102,3.465,5.70E-04,2.83E-02,-0.5604117
ENSG00000033011,ALG1,-8.06E-02,-1.26E-01,-3.49E-02,3.318,-3.464,5.72E-04,2.83E-02,-0.4295693
ENSG00000149091,DGKZ,-1.18E-01,-1.85E-01,-5.11E-02,7.659,-3.461,5.78E-04,2.83E-02,-0.56991
ENSG00000180155,LYNX1,-1.46E-01,-2.29E-01,-6.30E-02,7.093,-3.461,5.78E-04,2.83E-02,-0.5725768
ENSG00000145029,NICN1,-1.02E-01,-1.61E-01,-4.43E-02,4.586,-3.46,5.79E-04,2.83E-02,-0.5105664
ENSG00000156504,FAM122B,8.79E-02,3.80E-02,1.38E-01,5.178,3.46,5.80E-04,2.83E-02,-0.5435634
ENSG00000160678,S100A1,-1.65E-01,-2.59E-01,-7.12E-02,4.101,-3.457,5.86E-04,2.86E-02,-0.4947116
ENSG00000121989,ACVR2A,7.55E-02,3.26E-02,1.18E-01,6.069,3.455,5.91E-04,2.87E-02,-0.5861679
ENSG00000145907,G3BP1,6.36E-02,2.74E-02,9.97E-02,6.819,3.455,5.92E-04,2.87E-02,-0.5941755
ENSG00000078177,N4BP2,1.10E-01,4.71E-02,1.72E-01,5.391,3.448,6.07E-04,2.93E-02,-0.5928027
ENSG00000159176,CSRP1,-1.20E-01,-1.88E-01,-5.16E-02,8.324,-3.446,6.09E-04,2.93E-02,-0.6143042
ENSG00000251432,.,1.55E-01,6.67E-02,2.44E-01,1.03,3.446,6.10E-04,2.93E-02,-0.4635205
ENSG00000133460,SLC2A11,-9.55E-02,-1.50E-01,-4.10E-02,4.148,-3.446,6.11E-04,2.93E-02,-0.5348816
ENSG00000138041,SMEK2,6.02E-02,2.59E-02,9.44E-02,7.044,3.445,6.13E-04,2.93E-02,-0.6265122
ENSG00000163793,DNAJC5G,-2.42E-01,-3.80E-01,-1.04E-01,2.46E-01,-3.444,6.15E-04,2.93E-02,-0.525664
ENSG00000111605,CPSF6,8.39E-02,3.60E-02,1.32E-01,7.728,3.443,6.18E-04,2.93E-02,-0.6303681
ENSG00000006016,CRLF1,-1.69E-01,-2.65E-01,-7.25E-02,3.736,-3.439,6.25E-04,2.95E-02,-0.5311698
ENSG00000187109,NAP1L1,8.08E-02,3.47E-02,1.27E-01,8.452,3.439,6.26E-04,2.95E-02,-0.6378381
ENSG00000180592,SKIDA1,-9.07E-02,-1.43E-01,-3.89E-02,3.058,-3.439,6.27E-04,2.95E-02,-0.4976435
ENSG00000177352,CCDC71,-1.08E-01,-1.69E-01,-4.61E-02,2.625,-3.435,6.36E-04,2.97E-02,-0.4918453
ENSG00000165716,FAM69B,-1.17E-01,-1.84E-01,-5.01E-02,4.134,-3.434,6.37E-04,2.97E-02,-0.5698239
ENSG00000013563,DNASE1L1,-1.09E-01,-1.71E-01,-4.65E-02,3.214,-3.434,6.38E-04,2.97E-02,-0.51978
ENSG00000141699,FAM134C,-6.72E-02,-1.06E-01,-2.88E-02,5.77,-3.434,6.39E-04,2.97E-02,-0.6470453
ENSG00000185339,TCN2,-1.57E-01,-2.47E-01,-6.72E-02,2.567,-3.432,6.43E-04,2.98E-02,-0.5003805
ENSG00000112996,MRPS30,9.13E-02,3.90E-02,1.44E-01,7.526,3.431,6.44E-04,2.98E-02,-0.6685181
ENSG00000109794,FAM149A,-1.05E-01,-1.65E-01,-4.46E-02,4.517,-3.426,6.56E-04,3.03E-02,-0.6190518
ENSG00000179542,SLITRK4,1.21E-01,5.15E-02,1.90E-01,7.496,3.425,6.59E-04,3.03E-02,-0.6889002
ENSG00000171612,SLC25A33,-1.25E-01,-1.97E-01,-5.34E-02,4.66,-3.425,6.60E-04,3.03E-02,-0.6324992
ENSG00000196323,ZBTB44,8.20E-02,3.49E-02,1.29E-01,7.735,3.424,6.62E-04,3.03E-02,-0.6924411
ENSG00000108774,RAB5C,-9.00E-02,-1.42E-01,-3.84E-02,4.945,-3.422,6.66E-04,3.04E-02,-0.6550386
ENSG00000131650,KREMEN2,-2.04E-01,-3.22E-01,-8.71E-02,1.15E-01,-3.421,6.68E-04,3.04E-02,-0.6025761
ENSG00000160345,C9orf116,-1.26E-01,-1.98E-01,-5.37E-02,1.454,-3.42,6.71E-04,3.04E-02,-0.5289722
ENSG00000100033,PRODH,-1.94E-01,-3.05E-01,-8.25E-02,5.374,-3.42,6.71E-04,3.04E-02,-0.6778707
ENSG00000151923,TIAL1,8.18E-02,3.48E-02,1.29E-01,5.598,3.418,6.76E-04,3.05E-02,-0.6967902
ENSG00000174365,SNHG11,-1.04E-01,-1.64E-01,-4.42E-02,2.513,-3.417,6.78E-04,3.05E-02,-0.5444591
ENSG00000171798,KNDC1,-1.29E-01,-2.04E-01,-5.49E-02,6.392,-3.413,6.88E-04,3.08E-02,-0.7267053
ENSG00000162576,MXRA8,-1.63E-01,-2.57E-01,-6.93E-02,2.777,-3.412,6.90E-04,3.08E-02,-0.5682249
ENSG00000164463,CREBRF,7.21E-02,3.06E-02,1.14E-01,7.477,3.412,6.91E-04,3.08E-02,-0.7329143
ENSG00000261292,.,1.59E-01,6.72E-02,2.50E-01,4.067,3.407,7.03E-04,3.13E-02,-0.6584647
ENSG00000205643,CDPF1,-1.22E-01,-1.93E-01,-5.17E-02,2.066,-3.405,7.07E-04,3.14E-02,-0.5715122
ENSG00000075618,FSCN1,-1.15E-01,-1.82E-01,-4.88E-02,6.249,-3.403,7.12E-04,3.15E-02,-0.7544721
ENSG00000101940,WDR13,-9.20E-02,-1.45E-01,-3.89E-02,6.075,-3.403,7.14E-04,3.15E-02,-0.7524177
ENSG00000185736,ADARB2,-1.51E-01,-2.38E-01,-6.37E-02,3.735,-3.4,7.20E-04,3.17E-02,-0.6554396
ENSG00000131771,PPP1R1B,-1.40E-01,-2.20E-01,-5.90E-02,6.038,-3.399,7.22E-04,3.17E-02,-0.7657998
ENSG00000105393,BABAM1,-9.15E-02,-1.45E-01,-3.86E-02,5.321,-3.394,7.38E-04,3.23E-02,-0.7593594
ENSG00000151353,TMEM18,-8.59E-02,-1.36E-01,-3.61E-02,4.549,-3.39,7.46E-04,3.25E-02,-0.737272
ENSG00000160703,NLRX1,-1.17E-01,-1.85E-01,-4.93E-02,2.564,-3.389,7.49E-04,3.25E-02,-0.6318145
ENSG00000177030,DEAF1,-1.06E-01,-1.67E-01,-4.45E-02,5.583,-3.389,7.50E-04,3.25E-02,-0.787221
ENSG00000133027,PEMT,-1.16E-01,-1.83E-01,-4.88E-02,2.426,-3.389,7.50E-04,3.25E-02,-0.6297451
ENSG00000205929,C21orf62,2.03E-01,8.51E-02,3.21E-01,1.301,3.384,7.63E-04,3.29E-02,-0.64021
ENSG00000169018,FEM1B,7.87E-02,3.30E-02,1.24E-01,8.368,3.384,7.63E-04,3.29E-02,-0.8165703
ENSG00000101363,MANBAL,-8.11E-02,-1.28E-01,-3.40E-02,4.499,-3.382,7.68E-04,3.29E-02,-0.7593288
ENSG00000153187,HNRNPU,7.39E-02,3.10E-02,1.17E-01,8.306,3.382,7.68E-04,3.29E-02,-0.8231094
ENSG00000119953,SMNDC1,9.09E-02,3.81E-02,1.44E-01,4.326,3.381,7.71E-04,3.29E-02,-0.757309
ENSG00000257176,.,1.35E-01,5.66E-02,2.13E-01,1.364,3.381,7.72E-04,3.29E-02,-0.6494413
ENSG00000165915,SLC39A13,-1.07E-01,-1.69E-01,-4.47E-02,3.931,-3.381,7.72E-04,3.29E-02,-0.7298048
ENSG00000011201,KAL1,9.87E-02,4.14E-02,1.56E-01,5.777,3.379,7.76E-04,3.29E-02,-0.8256167
ENSG00000177465,ACOT4,-1.16E-01,-1.84E-01,-4.87E-02,2.497,-3.377,7.81E-04,3.30E-02,-0.6667141
ENSG00000113068,PFDN1,-6.82E-02,-1.08E-01,-2.85E-02,5.41,-3.377,7.82E-04,3.30E-02,-0.8193196
ENSG00000153561,RMND5A,7.42E-02,3.10E-02,1.17E-01,7.854,3.375,7.88E-04,3.32E-02,-0.8490956
ENSG00000160408,ST6GALNAC6,-9.30E-02,-1.47E-01,-3.89E-02,6.836,-3.374,7.90E-04,3.32E-02,-0.8524288
ENSG00000173805,HAP1,1.97E-01,8.23E-02,3.12E-01,3.005,3.373,7.92E-04,3.32E-02,-0.6995416
ENSG00000126882,FAM78A,-1.15E-01,-1.82E-01,-4.80E-02,3.032,-3.372,7.98E-04,3.33E-02,-0.7060281
ENSG00000154930,ACSS1,-1.91E-01,-3.02E-01,-7.96E-02,5.123,-3.371,8.01E-04,3.34E-02,-0.8264431
ENSG00000183780,SLC35F3,-8.47E-02,-1.34E-01,-3.53E-02,4.801,-3.369,8.04E-04,3.34E-02,-0.8176845
ENSG00000140798,ABCC12,-1.64E-01,-2.59E-01,-6.83E-02,2.218,-3.367,8.09E-04,3.36E-02,-0.6912734
ENSG00000198265,HELZ,6.92E-02,2.88E-02,1.10E-01,7.369,3.365,8.18E-04,3.38E-02,-0.8850321
ENSG00000177225,PDDC1,-1.10E-01,-1.74E-01,-4.56E-02,5.664,-3.363,8.24E-04,3.38E-02,-0.8718569
ENSG00000128581,RABL5,-7.38E-02,-1.17E-01,-3.07E-02,4.136,-3.362,8.25E-04,3.38E-02,-0.8019163
ENSG00000128973,CLN6,-9.47E-02,-1.50E-01,-3.94E-02,3.208,-3.362,8.25E-04,3.38E-02,-0.745261
ENSG00000042445,RETSAT,-9.61E-02,-1.52E-01,-3.99E-02,5.304,-3.362,8.26E-04,3.38E-02,-0.863225
ENSG00000163704,PRRT3,-1.22E-01,-1.93E-01,-5.07E-02,4.292,-3.361,8.29E-04,3.39E-02,-0.8148351
ENSG00000172053,QARS,-8.24E-02,-1.31E-01,-3.42E-02,4.671,-3.359,8.35E-04,3.40E-02,-0.8430385
ENSG00000112245,PTP4A1,1.15E-01,4.79E-02,1.83E-01,6.877,3.359,8.36E-04,3.40E-02,-0.9048949
ENSG00000144120,TMEM177,-9.12E-02,-1.45E-01,-3.78E-02,2.74,-3.358,8.38E-04,3.40E-02,-0.7370727
ENSG00000175445,LPL,1.86E-01,7.71E-02,2.94E-01,5,3.357,8.40E-04,3.40E-02,-0.8665446
ENSG00000086159,AQP6,-1.94E-01,-3.08E-01,-8.06E-02,4.20E-01,-3.356,8.42E-04,3.40E-02,-0.7617445
ENSG00000144426,NBEAL1,8.45E-02,3.50E-02,1.34E-01,5.893,3.353,8.51E-04,3.43E-02,-0.9124887
ENSG00000189238,.,-2.07E-01,-3.29E-01,-8.59E-02,8.11E-01,-3.353,8.53E-04,3.43E-02,-0.7463705
ENSG00000013810,TACC3,-1.69E-01,-2.67E-01,-6.98E-02,6.79E-01,-3.352,8.55E-04,3.43E-02,-0.7619257
ENSG00000152932,RAB3C,1.60E-01,6.63E-02,2.54E-01,8.621,3.351,8.58E-04,3.43E-02,-0.9191644
ENSG00000188542,DUSP28,-7.54E-02,-1.20E-01,-3.12E-02,2.679,-3.349,8.63E-04,3.44E-02,-0.7598434
ENSG00000230333,.,1.73E-01,7.16E-02,2.75E-01,4.18E-01,3.347,8.69E-04,3.45E-02,-0.786383
ENSG00000151655,ITIH2,-3.04E-01,-4.82E-01,-1.26E-01,8.58E-01,-3.347,8.71E-04,3.45E-02,-0.7606118
ENSG00000106648,GALNTL5,-1.86E-01,-2.95E-01,-7.67E-02,1.578,-3.346,8.73E-04,3.45E-02,-0.7491924
ENSG00000002587,HS3ST1,-1.01E-01,-1.61E-01,-4.18E-02,2.917,-3.345,8.77E-04,3.46E-02,-0.7848904
ENSG00000113657,DPYSL3,8.28E-02,3.42E-02,1.31E-01,6.692,3.344,8.80E-04,3.47E-02,-0.951611
ENSG00000090539,CHRD,-1.12E-01,-1.77E-01,-4.60E-02,5.398,-3.343,8.82E-04,3.47E-02,-0.9245499
ENSG00000110880,CORO1C,5.54E-02,2.28E-02,8.79E-02,6.359,3.341,8.89E-04,3.48E-02,-0.9584349
ENSG00000152601,MBNL1,6.84E-02,2.82E-02,1.09E-01,7.615,3.34,8.93E-04,3.48E-02,-0.9627359
ENSG00000173627,APOBEC4,1.93E-01,7.94E-02,3.06E-01,1.397,3.339,8.97E-04,3.48E-02,-0.7737175
ENSG00000197912,SPG7,-7.72E-02,-1.23E-01,-3.18E-02,6.2,-3.339,8.97E-04,3.48E-02,-0.9617672
ENSG00000127903,ZNF835,-1.10E-01,-1.74E-01,-4.52E-02,2.88,-3.338,8.97E-04,3.48E-02,-0.8024709
ENSG00000158615,PPP1R15B,7.14E-02,2.94E-02,1.14E-01,6.371,3.336,9.04E-04,3.50E-02,-0.974332
ENSG00000126861,OMG,-1.07E-01,-1.69E-01,-4.38E-02,7.114,-3.334,9.11E-04,3.52E-02,-0.9818621
ENSG00000101938,CHRDL1,1.10E-01,4.50E-02,1.74E-01,5.791,3.334,9.12E-04,3.52E-02,-0.9687073
ENSG00000260409,.,3.01E-01,1.24E-01,4.79E-01,-7.16E-02,3.332,9.19E-04,3.53E-02,-0.8692872
ENSG00000235098,ANKRD65,-1.99E-01,-3.16E-01,-8.16E-02,2.568,-3.33,9.25E-04,3.55E-02,-0.8137141
ENSG00000266878,.,1.84E-01,7.53E-02,2.92E-01,3.232,3.328,9.30E-04,3.55E-02,-0.8546697
ENSG00000130176,CNN1,-1.80E-01,-2.86E-01,-7.36E-02,1.288,-3.328,9.32E-04,3.55E-02,-0.8069051
ENSG00000166181,API5,7.79E-02,3.19E-02,1.24E-01,6.424,3.327,9.33E-04,3.55E-02,-1.0020172
ENSG00000143416,SELENBP1,-1.34E-01,-2.13E-01,-5.47E-02,4.359,-3.325,9.41E-04,3.58E-02,-0.9318192
ENSG00000122884,P4HA1,1.43E-01,5.86E-02,2.28E-01,5.372,3.323,9.47E-04,3.59E-02,-0.9924812
ENSG00000225953,SATB2-AS1,-1.12E-01,-1.78E-01,-4.55E-02,2.405,-3.319,9.60E-04,3.63E-02,-0.8418837
ENSG00000235944,ZNF815P,-9.42E-02,-1.50E-01,-3.84E-02,3.345,-3.317,9.66E-04,3.65E-02,-0.8915766
ENSG00000176435,CLEC14A,-1.53E-01,-2.44E-01,-6.25E-02,2.255,-3.316,9.69E-04,3.65E-02,-0.846256
ENSG00000166159,LRTM2,-1.32E-01,-2.09E-01,-5.35E-02,4.089,-3.313,9.80E-04,3.68E-02,-0.9495186
ENSG00000168813,ZNF507,7.76E-02,3.16E-02,1.24E-01,6.137,3.313,9.81E-04,3.68E-02,-1.0447629
ENSG00000197562,RAB40C,-1.16E-01,-1.85E-01,-4.71E-02,4.832,-3.312,9.86E-04,3.69E-02,-0.9977195
ENSG00000184731,FAM110C,1.07E-01,4.37E-02,1.71E-01,3.748,3.309,9.94E-04,3.71E-02,-0.9455674
ENSG00000161813,LARP4,7.45E-02,3.03E-02,1.19E-01,6.623,3.308,9.98E-04,3.71E-02,-1.0644635
ENSG00000124225,PMEPA1,8.76E-02,3.56E-02,1.40E-01,5.173,3.308,1.00E-03,3.71E-02,-1.0312653
ENSG00000144040,SFXN5,-1.18E-01,-1.88E-01,-4.79E-02,7.076,-3.306,1.00E-03,3.72E-02,-1.0695275
ENSG00000146066,HIGD2A,-1.17E-01,-1.87E-01,-4.75E-02,3.766,-3.304,1.01E-03,3.74E-02,-0.9588735
ENSG00000115274,INO80B,-1.09E-01,-1.74E-01,-4.40E-02,3.944,-3.299,1.03E-03,3.80E-02,-0.9834702
ENSG00000198743,SLC5A3,1.68E-01,6.79E-02,2.68E-01,7.622,3.298,1.03E-03,3.81E-02,-1.0943937
ENSG00000114439,BBX,8.19E-02,3.31E-02,1.31E-01,7.098,3.297,1.04E-03,3.81E-02,-1.0988286
ENSG00000169116,PARM1,1.10E-01,4.44E-02,1.75E-01,7.226,3.295,1.05E-03,3.84E-02,-1.1063163
ENSG00000103642,LACTB,7.52E-02,3.03E-02,1.20E-01,3.711,3.293,1.05E-03,3.84E-02,-0.9949505
ENSG00000125629,INSIG2,9.33E-02,3.76E-02,1.49E-01,5.508,3.292,1.06E-03,3.84E-02,-1.0942839
ENSG00000121210,KIAA0922,9.72E-02,3.92E-02,1.55E-01,3.114,3.292,1.06E-03,3.84E-02,-0.9577278
ENSG00000182700,IGIP,9.23E-02,3.72E-02,1.47E-01,6.919,3.291,1.06E-03,3.84E-02,-1.1177282
ENSG00000107854,TNKS2,5.76E-02,2.32E-02,9.20E-02,7.265,3.291,1.06E-03,3.84E-02,-1.1175707
ENSG00000206140,TMEM191C,-1.69E-01,-2.69E-01,-6.79E-02,2.036,-3.29,1.07E-03,3.84E-02,-0.9206136
ENSG00000147852,VLDLR,8.80E-02,3.54E-02,1.41E-01,4.612,3.289,1.07E-03,3.84E-02,-1.0620604
ENSG00000095574,IKZF5,1.21E-01,4.89E-02,1.94E-01,5.266,3.288,1.07E-03,3.84E-02,-1.0956796
ENSG00000213753,RPL23AP79,-7.19E-02,-1.15E-01,-2.89E-02,5.228,-3.288,1.07E-03,3.84E-02,-1.0905562
ENSG00000133107,TRPC4,8.19E-02,3.30E-02,1.31E-01,3.025,3.288,1.07E-03,3.84E-02,-0.9646459
ENSG00000204278,TMEM235,-2.52E-01,-4.03E-01,-1.01E-01,2.692,-3.286,1.08E-03,3.84E-02,-0.9517025
ENSG00000174165,ZDHHC24,-1.13E-01,-1.80E-01,-4.53E-02,2.896,-3.286,1.08E-03,3.84E-02,-0.9609161
ENSG00000251396,.,1.68E-01,6.75E-02,2.68E-01,8.25E-01,3.286,1.08E-03,3.84E-02,-0.9422496
ENSG00000027847,B4GALT7,-9.04E-02,-1.45E-01,-3.63E-02,3.675,-3.283,1.09E-03,3.87E-02,-1.0175121
ENSG00000171262,FAM98B,1.03E-01,4.13E-02,1.65E-01,5.565,3.281,1.10E-03,3.89E-02,-1.1303255
ENSG00000149557,FEZ1,-7.95E-02,-1.27E-01,-3.19E-02,7.959,-3.278,1.11E-03,3.92E-02,-1.1548667
ENSG00000165983,PTER,1.34E-01,5.38E-02,2.15E-01,6.863,3.277,1.11E-03,3.93E-02,-1.1619765
ENSG00000163320,CGGBP1,8.51E-02,3.41E-02,1.36E-01,6.818,3.276,1.12E-03,3.94E-02,-1.1658867
ENSG00000166206,GABRB3,1.09E-01,4.37E-02,1.75E-01,7.795,3.275,1.12E-03,3.94E-02,-1.1650488
ENSG00000100320,RBFOX2,8.76E-02,3.50E-02,1.40E-01,8.136,3.274,1.12E-03,3.94E-02,-1.1656913
ENSG00000136040,PLXNC1,7.89E-02,3.16E-02,1.26E-01,6.403,3.274,1.13E-03,3.94E-02,-1.1695872
ENSG00000073670,ADAM11,-1.07E-01,-1.72E-01,-4.29E-02,6.024,-3.273,1.13E-03,3.95E-02,-1.1627379
ENSG00000135441,BLOC1S1,-1.29E-01,-2.06E-01,-5.16E-02,4.31,-3.272,1.13E-03,3.95E-02,-1.0935023
ENSG00000101126,ADNP,6.34E-02,2.53E-02,1.02E-01,6.976,3.271,1.13E-03,3.95E-02,-1.1799567
ENSG00000187231,SESTD1,8.20E-02,3.28E-02,1.31E-01,7.345,3.271,1.14E-03,3.95E-02,-1.1807603
ENSG00000170616,SCRT1,-2.09E-01,-3.35E-01,-8.35E-02,2.432,-3.27,1.14E-03,3.95E-02,-0.990223
ENSG00000124209,RAB22A,9.23E-02,3.69E-02,1.48E-01,7.261,3.269,1.14E-03,3.95E-02,-1.1869378
ENSG00000117592,PRDX6,-9.74E-02,-1.56E-01,-3.89E-02,6.725,-3.268,1.15E-03,3.96E-02,-1.1889768
ENSG00000117595,IRF6,-2.06E-01,-3.30E-01,-8.21E-02,2.61E-01,-3.267,1.15E-03,3.96E-02,-1.020427
ENSG00000159348,CYB5R1,-8.10E-02,-1.30E-01,-3.23E-02,4.674,-3.265,1.16E-03,3.97E-02,-1.1351391
ENSG00000205363,C15orf59,-1.18E-01,-1.89E-01,-4.69E-02,5.141,-3.265,1.16E-03,3.97E-02,-1.1558921
ENSG00000261597,.,1.09E-01,4.33E-02,1.74E-01,4.026,3.263,1.17E-03,3.99E-02,-1.106145
ENSG00000175073,VCPIP1,8.88E-02,3.53E-02,1.42E-01,7.502,3.26,1.18E-03,4.02E-02,-1.2123349
ENSG00000070495,JMJD6,1.26E-01,5.02E-02,2.02E-01,4.825,3.259,1.18E-03,4.03E-02,-1.1654796
ENSG00000169760,NLGN1,7.53E-02,2.99E-02,1.21E-01,6.428,3.259,1.19E-03,4.03E-02,-1.2166608
ENSG00000186448,ZNF197,5.64E-02,2.24E-02,9.04E-02,5.347,3.258,1.19E-03,4.03E-02,-1.194506
ENSG00000104979,C19orf53,-1.07E-01,-1.72E-01,-4.26E-02,4.608,-3.256,1.19E-03,4.03E-02,-1.158324
ENSG00000186715,MST1L,2.43E-01,9.64E-02,3.90E-01,8.54E-01,3.256,1.20E-03,4.03E-02,-1.0264411
ENSG00000197619,ZNF615,6.95E-02,2.76E-02,1.11E-01,5.134,3.256,1.20E-03,4.03E-02,-1.1914139
ENSG00000101746,NOL4,6.96E-02,2.76E-02,1.12E-01,5.95,3.255,1.20E-03,4.04E-02,-1.2196858
ENSG00000167515,TRAPPC2L,-8.93E-02,-1.43E-01,-3.54E-02,4.833,-3.254,1.20E-03,4.04E-02,-1.1763886
ENSG00000167114,SLC27A4,-9.09E-02,-1.46E-01,-3.60E-02,4.877,-3.253,1.21E-03,4.06E-02,-1.1834903
ENSG00000164134,NAA15,7.31E-02,2.90E-02,1.17E-01,6.019,3.252,1.21E-03,4.06E-02,-1.2321753
ENSG00000181350,FAM211A,-9.78E-02,-1.57E-01,-3.87E-02,3.087,-3.251,1.22E-03,4.07E-02,-1.0789811
ENSG00000176248,ANAPC2,-9.42E-02,-1.51E-01,-3.72E-02,4.04,-3.247,1.23E-03,4.11E-02,-1.1508718
ENSG00000010295,IFFO1,-9.17E-02,-1.47E-01,-3.62E-02,4.453,-3.246,1.24E-03,4.11E-02,-1.1800859
ENSG00000183048,SLC25A10,-1.50E-01,-2.40E-01,-5.90E-02,1.218,-3.246,1.24E-03,4.12E-02,-1.0466197
ENSG00000152242,C18orf25,5.93E-02,2.34E-02,9.52E-02,5.958,3.244,1.25E-03,4.12E-02,-1.254229
ENSG00000184575,XPOT,6.04E-02,2.39E-02,9.70E-02,7.349,3.244,1.25E-03,4.12E-02,-1.2643853
ENSG00000213762,ZNF134,5.52E-02,2.18E-02,8.86E-02,4.812,3.242,1.26E-03,4.14E-02,-1.2179002
ENSG00000129538,RNASE1,-2.03E-01,-3.26E-01,-8.01E-02,5.798,-3.242,1.26E-03,4.14E-02,-1.2551397
ENSG00000104047,DTWD1,7.75E-02,3.05E-02,1.25E-01,4.638,3.239,1.27E-03,4.17E-02,-1.2191847
ENSG00000108061,SHOC2,6.87E-02,2.70E-02,1.10E-01,7.279,3.238,1.27E-03,4.17E-02,-1.2830831
ENSG00000184451,CCR10,-1.74E-01,-2.79E-01,-6.84E-02,7.50E-01,-3.236,1.28E-03,4.19E-02,-1.0859543
ENSG00000198730,CTR9,6.50E-02,2.56E-02,1.05E-01,5.416,3.236,1.28E-03,4.19E-02,-1.2662178
ENSG00000261455,.,-1.68E-01,-2.70E-01,-6.60E-02,2.46,-3.235,1.29E-03,4.19E-02,-1.0977695
ENSG00000127870,RNF6,7.41E-02,2.91E-02,1.19E-01,6.595,3.234,1.29E-03,4.19E-02,-1.2925177
ENSG00000163611,SPICE1,8.59E-02,3.37E-02,1.38E-01,4.806,3.233,1.29E-03,4.19E-02,-1.2456181
ENSG00000113356,POLR3G,1.01E-01,3.95E-02,1.62E-01,3.311,3.233,1.30E-03,4.19E-02,-1.1488568
ENSG00000175906,ARL4D,-1.71E-01,-2.75E-01,-6.71E-02,2.834,-3.232,1.30E-03,4.20E-02,-1.1246174
ENSG00000152954,NRSN1,1.19E-01,4.66E-02,1.91E-01,6.188,3.229,1.31E-03,4.23E-02,-1.3045574
ENSG00000126934,MAP2K2,-9.58E-02,-1.54E-01,-3.75E-02,5.62,-3.229,1.31E-03,4.23E-02,-1.2882915
ENSG00000122958,VPS26A,7.71E-02,3.02E-02,1.24E-01,6.018,3.226,1.33E-03,4.25E-02,-1.3115546
ENSG00000140474,ULK3,-8.96E-02,-1.44E-01,-3.50E-02,5.071,-3.226,1.33E-03,4.25E-02,-1.2759875
ENSG00000164040,PGRMC2,7.94E-02,3.11E-02,1.28E-01,5.62,3.226,1.33E-03,4.25E-02,-1.3028103
ENSG00000117308,GALE,-9.80E-02,-1.58E-01,-3.83E-02,3.532,-3.225,1.33E-03,4.25E-02,-1.1835617
ENSG00000129255,MPDU1,-8.76E-02,-1.41E-01,-3.42E-02,4.381,-3.221,1.35E-03,4.31E-02,-1.2555786
ENSG00000135823,STX6,4.38E-02,1.71E-02,7.05E-02,6.711,3.217,1.37E-03,4.35E-02,-1.3475227
ENSG00000182054,IDH2,-1.02E-01,-1.64E-01,-3.96E-02,6.106,-3.216,1.37E-03,4.35E-02,-1.3408425
ENSG00000130635,COL5A1,-1.77E-01,-2.85E-01,-6.89E-02,2.084,-3.216,1.37E-03,4.35E-02,-1.1365725
ENSG00000114021,NIT2,-1.00E-01,-1.61E-01,-3.89E-02,4.383,-3.215,1.38E-03,4.35E-02,-1.2710759
ENSG00000151746,BICD1,8.79E-02,3.42E-02,1.42E-01,6.654,3.214,1.38E-03,4.35E-02,-1.3571997
ENSG00000122679,RAMP3,-1.78E-01,-2.87E-01,-6.92E-02,2.207,-3.213,1.39E-03,4.35E-02,-1.1506765
ENSG00000167468,GPX4,-1.07E-01,-1.72E-01,-4.14E-02,6.409,-3.212,1.39E-03,4.35E-02,-1.3545607
ENSG00000168806,LCMT2,-7.57E-02,-1.22E-01,-2.94E-02,3.617,-3.212,1.39E-03,4.35E-02,-1.2312588
ENSG00000197959,DNM3,8.85E-02,3.44E-02,1.43E-01,8.55,3.212,1.39E-03,4.35E-02,-1.3537021
ENSG00000135744,AGT,-1.50E-01,-2.42E-01,-5.83E-02,6.97,-3.212,1.39E-03,4.35E-02,-1.3640114
ENSG00000169967,MAP3K2,7.69E-02,2.99E-02,1.24E-01,7.034,3.211,1.40E-03,4.35E-02,-1.3652196
ENSG00000267940,.,1.43E-01,5.53E-02,2.30E-01,1.498,3.21,1.40E-03,4.37E-02,-1.1463573
ENSG00000255571,.,-9.49E-02,-1.53E-01,-3.68E-02,3.692,-3.209,1.41E-03,4.37E-02,-1.2417695
ENSG00000176209,C8orf40,-7.93E-02,-1.28E-01,-3.07E-02,4.29,-3.207,1.42E-03,4.40E-02,-1.2929278
ENSG00000160783,PMF1,-1.19E-01,-1.92E-01,-4.60E-02,2.869,-3.205,1.42E-03,4.41E-02,-1.2048133
ENSG00000104524,PYCRL,-1.47E-01,-2.36E-01,-5.67E-02,3.613,-3.205,1.43E-03,4.41E-02,-1.2495323
ENSG00000261050,.,1.44E-01,5.57E-02,2.32E-01,4.939,3.205,1.43E-03,4.41E-02,-1.3390704
ENSG00000178980,SEPW1,-1.15E-01,-1.86E-01,-4.45E-02,7.802,-3.204,1.43E-03,4.41E-02,-1.3837073
ENSG00000236194,.,1.59E-01,6.14E-02,2.56E-01,3.41E-01,3.202,1.44E-03,4.42E-02,-1.1947659
ENSG00000174197,MGA,5.74E-02,2.22E-02,9.27E-02,7.98,3.2,1.45E-03,4.45E-02,-1.3950012
ENSG00000139117,CPNE8,9.21E-02,3.56E-02,1.49E-01,5.548,3.199,1.46E-03,4.45E-02,-1.3823241
ENSG00000143140,GJA5,-2.57E-01,-4.15E-01,-9.93E-02,7.41E-01,-3.199,1.46E-03,4.45E-02,-1.1902159
ENSG00000049089,COL9A2,-1.60E-01,-2.59E-01,-6.19E-02,4.674,-3.198,1.46E-03,4.45E-02,-1.3407741
ENSG00000141298,SSH2,8.40E-02,3.24E-02,1.36E-01,5.708,3.197,1.47E-03,4.47E-02,-1.3946866
ENSG00000150967,ABCB9,-9.65E-02,-1.56E-01,-3.72E-02,4.314,-3.196,1.47E-03,4.47E-02,-1.3243711
ENSG00000017483,SLC38A5,-2.25E-01,-3.63E-01,-8.65E-02,2.356,-3.195,1.47E-03,4.47E-02,-1.21026
ENSG00000085224,ATRX,7.62E-02,2.94E-02,1.23E-01,8.542,3.195,1.48E-03,4.47E-02,-1.4061234
ENSG00000218336,TENM3,9.89E-02,3.81E-02,1.60E-01,6.626,3.194,1.48E-03,4.47E-02,-1.4154893
ENSG00000214253,FIS1,-1.17E-01,-1.89E-01,-4.51E-02,6.271,-3.193,1.49E-03,4.48E-02,-1.4119641
ENSG00000144504,ANKMY1,-1.20E-01,-1.93E-01,-4.61E-02,2.643,-3.193,1.49E-03,4.48E-02,-1.2252136
ENSG00000179178,TMEM125,-2.45E-01,-3.96E-01,-9.42E-02,3.151,-3.192,1.49E-03,4.48E-02,-1.260849
ENSG00000135363,LMO2,-1.68E-01,-2.71E-01,-6.46E-02,3.943,-3.191,1.50E-03,4.49E-02,-1.3174154
ENSG00000122490,PQLC1,-1.05E-01,-1.70E-01,-4.05E-02,5.786,-3.189,1.51E-03,4.50E-02,-1.4137962
ENSG00000158717,RNF166,-1.03E-01,-1.66E-01,-3.95E-02,2.995,-3.189,1.51E-03,4.50E-02,-1.2593357
ENSG00000115904,SOS1,9.22E-02,3.54E-02,1.49E-01,6.182,3.189,1.51E-03,4.50E-02,-1.429768
ENSG00000138071,ACTR2,9.68E-02,3.71E-02,1.56E-01,7.753,3.188,1.51E-03,4.50E-02,-1.4341306
ENSG00000180720,CHRM4,-1.61E-01,-2.61E-01,-6.19E-02,1.427,-3.187,1.52E-03,4.50E-02,-1.211372
ENSG00000204228,HSD17B8,-1.71E-01,-2.77E-01,-6.57E-02,1.833,-3.187,1.52E-03,4.50E-02,-1.2164652
ENSG00000109189,USP46,7.30E-02,2.80E-02,1.18E-01,7.46,3.186,1.52E-03,4.50E-02,-1.4398883
ENSG00000089916,GPATCH2L,6.67E-02,2.56E-02,1.08E-01,7.363,3.185,1.53E-03,4.52E-02,-1.4452156
ENSG00000160551,TAOK1,6.79E-02,2.60E-02,1.10E-01,8.889,3.184,1.53E-03,4.53E-02,-1.436535
ENSG00000175455,CCDC14,9.46E-02,3.62E-02,1.53E-01,6.099,3.182,1.54E-03,4.54E-02,-1.4481386
ENSG00000135617,PRADC1,-1.02E-01,-1.65E-01,-3.91E-02,3.731,-3.182,1.54E-03,4.54E-02,-1.3286756
ENSG00000168067,MAP4K2,-8.93E-02,-1.45E-01,-3.41E-02,4.477,-3.178,1.56E-03,4.57E-02,-1.387767
ENSG00000092758,COL9A3,-1.66E-01,-2.69E-01,-6.35E-02,4.045,-3.177,1.57E-03,4.57E-02,-1.3626496
ENSG00000161642,ZNF385A,-1.66E-01,-2.68E-01,-6.33E-02,3.024,-3.177,1.57E-03,4.57E-02,-1.2916229
ENSG00000198482,ZNF808,8.19E-02,3.13E-02,1.32E-01,5.249,3.177,1.57E-03,4.57E-02,-1.4373188
ENSG00000156531,PHF6,6.06E-02,2.31E-02,9.80E-02,5.939,3.177,1.57E-03,4.57E-02,-1.4612603
ENSG00000136279,DBNL,-6.73E-02,-1.09E-01,-2.57E-02,6.569,-3.175,1.58E-03,4.57E-02,-1.4723478
ENSG00000198785,GRIN3A,1.02E-01,3.89E-02,1.65E-01,4.783,3.175,1.58E-03,4.57E-02,-1.4183134
ENSG00000257315,ZBED6,1.18E-01,4.49E-02,1.91E-01,4.794,3.175,1.58E-03,4.57E-02,-1.42117
ENSG00000130227,XPO7,5.65E-02,2.15E-02,9.14E-02,6.724,3.174,1.58E-03,4.57E-02,-1.4767773
ENSG00000136877,FPGS,-1.16E-01,-1.88E-01,-4.42E-02,3.147,-3.174,1.58E-03,4.57E-02,-1.310373
ENSG00000128585,MKLN1,6.85E-02,2.61E-02,1.11E-01,8.224,3.174,1.59E-03,4.57E-02,-1.4730448
ENSG00000251348,HSPD1P11,1.61E-01,6.13E-02,2.60E-01,1.111,3.174,1.59E-03,4.57E-02,-1.2510934
ENSG00000166166,TRMT61A,-1.10E-01,-1.78E-01,-4.18E-02,3.843,-3.172,1.59E-03,4.58E-02,-1.364254
ENSG00000177182,CLVS1,9.23E-02,3.52E-02,1.50E-01,4.691,3.172,1.60E-03,4.58E-02,-1.4236324
ENSG00000162551,ALPL,-1.78E-01,-2.89E-01,-6.79E-02,2.184,-3.172,1.60E-03,4.58E-02,-1.2695301
ENSG00000071537,SEL1L,5.72E-02,2.17E-02,9.27E-02,7.733,3.167,1.62E-03,4.64E-02,-1.4977802
ENSG00000197714,ZNF460,6.11E-02,2.32E-02,9.91E-02,6.987,3.166,1.63E-03,4.64E-02,-1.5024852
ENSG00000265148,BZRAP1-AS1,-1.52E-01,-2.47E-01,-5.78E-02,9.26E-02,-3.164,1.64E-03,4.64E-02,-1.3125065
ENSG00000149823,VPS51,-1.01E-01,-1.64E-01,-3.84E-02,6.209,-3.164,1.64E-03,4.64E-02,-1.4990412
ENSG00000178467,P4HTM,-8.39E-02,-1.36E-01,-3.18E-02,6.156,-3.163,1.64E-03,4.64E-02,-1.5017132
ENSG00000174516,PELI3,-9.73E-02,-1.58E-01,-3.69E-02,5.371,-3.163,1.64E-03,4.64E-02,-1.4779192
ENSG00000110876,SELPLG,-2.77E-01,-4.48E-01,-1.05E-01,2.332,-3.163,1.65E-03,4.64E-02,-1.30208
ENSG00000125611,CHCHD5,-1.34E-01,-2.18E-01,-5.09E-02,1.633,-3.163,1.65E-03,4.64E-02,-1.2815974
ENSG00000136731,UGGT1,5.96E-02,2.26E-02,9.67E-02,6.339,3.163,1.65E-03,4.64E-02,-1.5100279
ENSG00000196660,SLC30A10,9.87E-02,3.74E-02,1.60E-01,3.49,3.162,1.65E-03,4.64E-02,-1.3723192
ENSG00000160097,FNDC5,-9.50E-02,-1.54E-01,-3.60E-02,4.836,-3.161,1.65E-03,4.64E-02,-1.4570926
ENSG00000108424,KPNB1,4.87E-02,1.85E-02,7.90E-02,7.505,3.161,1.65E-03,4.64E-02,-1.5151058
ENSG00000169900,PYDC1,-2.08E-01,-3.37E-01,-7.87E-02,2.06E-01,-3.16,1.66E-03,4.66E-02,-1.3156519
ENSG00000229801,.,-2.25E-01,-3.65E-01,-8.51E-02,1.743,-3.158,1.67E-03,4.67E-02,-1.296364
ENSG00000102554,KLF5,1.31E-01,4.95E-02,2.13E-01,1.992,3.157,1.68E-03,4.68E-02,-1.3052547
ENSG00000099957,P2RX6,-1.08E-01,-1.76E-01,-4.10E-02,3.414,-3.157,1.68E-03,4.68E-02,-1.3793814
ENSG00000156675,RAB11FIP1,7.88E-02,2.98E-02,1.28E-01,3.881,3.155,1.69E-03,4.70E-02,-1.4206525
ENSG00000087053,MTMR2,7.28E-02,2.75E-02,1.18E-01,6.274,3.155,1.69E-03,4.70E-02,-1.5327772
ENSG00000157224,CLDN12,8.79E-02,3.31E-02,1.43E-01,5.842,3.154,1.70E-03,4.70E-02,-1.5279735
ENSG00000105701,FKBP8,-9.21E-02,-1.49E-01,-3.47E-02,7.98,-3.154,1.70E-03,4.70E-02,-1.5349643
ENSG00000106305,AIMP2,-9.97E-02,-1.62E-01,-3.76E-02,2.797,-3.153,1.70E-03,4.70E-02,-1.3535065
ENSG00000059728,MXD1,8.32E-02,3.13E-02,1.35E-01,5.087,3.15,1.72E-03,4.74E-02,-1.5106983
ENSG00000152409,JMY,6.85E-02,2.58E-02,1.11E-01,7.051,3.149,1.72E-03,4.74E-02,-1.5529184
ENSG00000141258,SGSM2,-8.90E-02,-1.45E-01,-3.35E-02,6.951,-3.149,1.72E-03,4.74E-02,-1.5522384
ENSG00000083838,ZNF446,-9.24E-02,-1.50E-01,-3.48E-02,3.033,-3.148,1.73E-03,4.75E-02,-1.3784299
ENSG00000157106,SMG1,8.06E-02,3.03E-02,1.31E-01,8.058,3.148,1.73E-03,4.75E-02,-1.5533343
ENSG00000164405,UQCRQ,-1.25E-01,-2.03E-01,-4.70E-02,6.212,-3.147,1.74E-03,4.75E-02,-1.5499154
ENSG00000151461,UPF2,7.51E-02,2.82E-02,1.22E-01,6.432,3.146,1.74E-03,4.75E-02,-1.5592763
ENSG00000183798,EMILIN3,-1.76E-01,-2.87E-01,-6.63E-02,2.103,-3.146,1.74E-03,4.76E-02,-1.3399292
ENSG00000147041,SYTL5,1.10E-01,4.12E-02,1.78E-01,4.19,3.145,1.75E-03,4.76E-02,-1.4709601
ENSG00000196632,WNK3,5.66E-02,2.12E-02,9.20E-02,6.069,3.142,1.77E-03,4.76E-02,-1.5675985
ENSG00000158711,ELK4,8.93E-02,3.35E-02,1.45E-01,5.85,3.142,1.77E-03,4.76E-02,-1.5646499
ENSG00000148341,SH3GLB2,-8.48E-02,-1.38E-01,-3.18E-02,6.688,-3.141,1.77E-03,4.76E-02,-1.5751458
ENSG00000260412,.,1.32E-01,4.94E-02,2.14E-01,4.945,3.141,1.77E-03,4.76E-02,-1.5310984
ENSG00000143314,MRPL24,-1.00E-01,-1.63E-01,-3.75E-02,4.433,-3.14,1.77E-03,4.76E-02,-1.4982848
ENSG00000211456,SACM1L,7.42E-02,2.78E-02,1.21E-01,6.661,3.14,1.77E-03,4.76E-02,-1.5790953
ENSG00000167702,KIFC2,-1.19E-01,-1.94E-01,-4.47E-02,6.154,-3.14,1.78E-03,4.76E-02,-1.5709303
ENSG00000248455,.,-1.99E-01,-3.24E-01,-7.46E-02,1.049,-3.14,1.78E-03,4.76E-02,-1.3433114
ENSG00000055917,PUM2,7.23E-02,2.71E-02,1.18E-01,7.758,3.14,1.78E-03,4.76E-02,-1.5793403
ENSG00000251011,.,1.69E-01,6.31E-02,2.74E-01,2.449,3.138,1.79E-03,4.76E-02,-1.377421
ENSG00000128159,TUBGCP6,-9.89E-02,-1.61E-01,-3.70E-02,5.7,-3.138,1.79E-03,4.76E-02,-1.5663732
ENSG00000100614,PPM1A,8.20E-02,3.07E-02,1.33E-01,8.478,3.138,1.79E-03,4.76E-02,-1.5789786
ENSG00000188613,NANOS1,8.09E-02,3.03E-02,1.32E-01,2.788,3.137,1.80E-03,4.76E-02,-1.3993545
ENSG00000254531,.,-1.33E-01,-2.16E-01,-4.96E-02,2.114,-3.137,1.80E-03,4.76E-02,-1.3690425
ENSG00000081019,RSBN1,6.71E-02,2.51E-02,1.09E-01,5.959,3.137,1.80E-03,4.76E-02,-1.5821706
ENSG00000176194,CIDEA,-1.52E-01,-2.47E-01,-5.69E-02,1.429,-3.137,1.80E-03,4.76E-02,-1.3536359
ENSG00000113448,PDE4D,6.90E-02,2.58E-02,1.12E-01,7.601,3.136,1.80E-03,4.76E-02,-1.5899379
ENSG00000198892,SHISA4,-1.04E-01,-1.69E-01,-3.89E-02,5.062,-3.136,1.80E-03,4.76E-02,-1.5471608
ENSG00000163719,MTMR14,-7.76E-02,-1.26E-01,-2.90E-02,3.994,-3.134,1.81E-03,4.78E-02,-1.4891615
ENSG00000144747,TMF1,6.51E-02,2.43E-02,1.06E-01,6.455,3.134,1.81E-03,4.78E-02,-1.5978338
ENSG00000148334,PTGES2,-1.03E-01,-1.67E-01,-3.83E-02,5.258,-3.131,1.83E-03,4.79E-02,-1.5678556
ENSG00000133961,NUMB,7.71E-02,2.87E-02,1.26E-01,5.104,3.131,1.83E-03,4.79E-02,-1.5673872
ENSG00000205155,PSENEN,-1.32E-01,-2.15E-01,-4.92E-02,3.338,-3.131,1.83E-03,4.79E-02,-1.4502229
ENSG00000048052,HDAC9,7.25E-02,2.70E-02,1.18E-01,6.434,3.131,1.83E-03,4.79E-02,-1.6044622
ENSG00000157542,KCNJ6,1.05E-01,3.93E-02,1.72E-01,4.511,3.131,1.83E-03,4.79E-02,-1.5357837
ENSG00000117411,B4GALT2,-1.02E-01,-1.66E-01,-3.79E-02,5.088,-3.131,1.83E-03,4.79E-02,-1.5615567
ENSG00000173575,CHD2,5.64E-02,2.10E-02,9.19E-02,7.912,3.13,1.84E-03,4.79E-02,-1.6066655
ENSG00000196850,PPTC7,8.93E-02,3.32E-02,1.45E-01,5.415,3.13,1.84E-03,4.79E-02,-1.5861057
ENSG00000105472,CLEC11A,-1.69E-01,-2.74E-01,-6.27E-02,1.05,-3.129,1.84E-03,4.79E-02,-1.3739783
ENSG00000120694,HSPH1,1.32E-01,4.91E-02,2.15E-01,8.559,3.128,1.85E-03,4.79E-02,-1.6064482
ENSG00000129009,ISLR,-1.25E-01,-2.03E-01,-4.64E-02,3.227,-3.127,1.86E-03,4.81E-02,-1.4523216
ENSG00000133561,GIMAP6,-1.73E-01,-2.82E-01,-6.42E-02,3.243,-3.125,1.87E-03,4.83E-02,-1.4644008
ENSG00000180801,ARSJ,1.10E-01,4.07E-02,1.78E-01,3.082,3.124,1.87E-03,4.83E-02,-1.4540274
ENSG00000141485,SLC13A5,-2.15E-01,-3.50E-01,-7.99E-02,2.081,-3.124,1.87E-03,4.83E-02,-1.4010291
ENSG00000221990,C5orf55,-1.30E-01,-2.12E-01,-4.83E-02,1.908,-3.123,1.88E-03,4.84E-02,-1.3987065
ENSG00000119383,PPP2R4,-7.91E-02,-1.29E-01,-2.94E-02,7.325,-3.123,1.88E-03,4.84E-02,-1.6306029
ENSG00000184999,SLC22A10,-1.25E-01,-2.04E-01,-4.65E-02,1.752,-3.122,1.89E-03,4.84E-02,-1.3978766
ENSG00000143774,GUK1,-9.83E-02,-1.60E-01,-3.65E-02,7.652,-3.121,1.89E-03,4.85E-02,-1.6344835
ENSG00000249717,.,2.08E-01,7.69E-02,3.38E-01,5.17E-01,3.12,1.90E-03,4.85E-02,-1.4103769
ENSG00000196358,NTNG2,-1.14E-01,-1.85E-01,-4.21E-02,4.277,-3.12,1.90E-03,4.85E-02,-1.5470589
ENSG00000100767,PAPLN,-1.64E-01,-2.68E-01,-6.09E-02,4.303,-3.119,1.91E-03,4.85E-02,-1.5513941
ENSG00000102081,FMR1,7.39E-02,2.74E-02,1.21E-01,7.056,3.119,1.91E-03,4.85E-02,-1.6443901
ENSG00000168772,CXXC4,1.06E-01,3.92E-02,1.72E-01,5.634,3.119,1.91E-03,4.85E-02,-1.6265569
ENSG00000247572,.,1.07E-01,3.94E-02,1.74E-01,2.556,3.117,1.92E-03,4.85E-02,-1.44106
ENSG00000214216,IQCJ,1.71E-01,6.31E-02,2.78E-01,2.406,3.117,1.92E-03,4.85E-02,-1.4340325
ENSG00000020577,SAMD4A,1.08E-01,4.00E-02,1.76E-01,5.487,3.117,1.92E-03,4.85E-02,-1.6265049
ENSG00000159069,FBXW5,-9.99E-02,-1.63E-01,-3.69E-02,6.093,-3.116,1.93E-03,4.87E-02,-1.6409353
ENSG00000100100,PIK3IP1,-1.15E-01,-1.88E-01,-4.26E-02,5.72,-3.114,1.94E-03,4.88E-02,-1.6402117
ENSG00000125864,BFSP1,-1.30E-01,-2.12E-01,-4.81E-02,1.71,-3.114,1.94E-03,4.88E-02,-1.4205064
ENSG00000158008,EXTL1,-1.34E-01,-2.18E-01,-4.93E-02,4.718,-3.114,1.94E-03,4.88E-02,-1.5919996
ENSG00000138641,HERC3,5.38E-02,1.99E-02,8.78E-02,6.176,3.112,1.95E-03,4.90E-02,-1.6594769
ENSG00000198797,FAM5B,-6.97E-02,-1.14E-01,-2.57E-02,6.069,-3.112,1.95E-03,4.90E-02,-1.6549624
ENSG00000121274,PAPD5,8.44E-02,3.11E-02,1.38E-01,5.284,3.111,1.96E-03,4.90E-02,-1.6367364
ENSG00000136381,IREB2,7.45E-02,2.74E-02,1.22E-01,6.909,3.11,1.96E-03,4.90E-02,-1.6697217
ENSG00000211584,SLC48A1,-1.02E-01,-1.66E-01,-3.75E-02,5.695,-3.109,1.97E-03,4.91E-02,-1.6543986
ENSG00000133640,LRRIQ1,1.49E-01,5.48E-02,2.43E-01,2.425,3.109,1.97E-03,4.91E-02,-1.46088
ENSG00000174939,ASPHD1,-1.27E-01,-2.08E-01,-4.68E-02,4.668,-3.106,1.99E-03,4.95E-02,-1.614145
ENSG00000204099,NEU4,-1.68E-01,-2.75E-01,-6.18E-02,1.793,-3.105,1.99E-03,4.95E-02,-1.4455981
ENSG00000137075,RNF38,7.58E-02,2.79E-02,1.24E-01,6.318,3.105,2.00E-03,4.95E-02,-1.6828542
ENSG00000110200,ANAPC15,-9.08E-02,-1.48E-01,-3.34E-02,2.708,-3.105,2.00E-03,4.95E-02,-1.4864509
ENSG00000164070,HSPA4L,1.04E-01,3.83E-02,1.71E-01,7.233,3.104,2.01E-03,4.96E-02,-1.688396
ENSG00000077044,DGKD,7.07E-02,2.60E-02,1.15E-01,4.767,3.104,2.01E-03,4.96E-02,-1.629374
ENSG00000100577,GSTZ1,-1.08E-01,-1.77E-01,-3.97E-02,3.433,-3.101,2.02E-03,4.96E-02,-1.5438303
ENSG00000075711,DLG1,6.28E-02,2.30E-02,1.03E-01,7.738,3.1,2.03E-03,4.96E-02,-1.6969156
ENSG00000226124,.,-1.05E-01,-1.72E-01,-3.85E-02,2.057,-3.099,2.04E-03,4.96E-02,-1.4707473
ENSG00000173517,.,8.40E-02,3.08E-02,1.37E-01,6.941,3.099,2.04E-03,4.96E-02,-1.7037923
ENSG00000072364,AFF4,6.70E-02,2.45E-02,1.09E-01,7.855,3.098,2.04E-03,4.96E-02,-1.701337
ENSG00000145715,RASA1,6.87E-02,2.51E-02,1.12E-01,6.702,3.098,2.04E-03,4.96E-02,-1.704673
ENSG00000204396,VWA7,-1.57E-01,-2.56E-01,-5.74E-02,2.22,-3.098,2.04E-03,4.96E-02,-1.4783942
ENSG00000175283,DOLK,-9.40E-02,-1.54E-01,-3.44E-02,2.799,-3.098,2.05E-03,4.96E-02,-1.5119879
ENSG00000178184,PARD6G,1.39E-01,5.08E-02,2.27E-01,2.532,3.097,2.05E-03,4.96E-02,-1.4970721
ENSG00000049449,RCN1,9.93E-02,3.63E-02,1.62E-01,5.428,3.097,2.05E-03,4.96E-02,-1.6808064
ENSG00000145780,FEM1C,6.90E-02,2.52E-02,1.13E-01,7.05,3.096,2.06E-03,4.96E-02,-1.7111934
ENSG00000205765,C5orf51,7.88E-02,2.88E-02,1.29E-01,5.866,3.096,2.06E-03,4.96E-02,-1.7000705
ENSG00000126814,TRMT5,5.60E-02,2.05E-02,9.16E-02,4.68,3.096,2.06E-03,4.96E-02,-1.6495176
ENSG00000113163,COL4A3BP,7.01E-02,2.56E-02,1.15E-01,6.866,3.096,2.06E-03,4.96E-02,-1.7127174
ENSG00000084636,COL16A1,-1.29E-01,-2.11E-01,-4.71E-02,5.562,-3.095,2.06E-03,4.96E-02,-1.6874359
ENSG00000164023,SGMS2,1.08E-01,3.96E-02,1.77E-01,3.035,3.095,2.06E-03,4.96E-02,-1.5352038
ENSG00000178568,ERBB4,8.40E-02,3.07E-02,1.37E-01,8.116,3.095,2.06E-03,4.96E-02,-1.7082845
ENSG00000121753,BAI2,-1.20E-01,-1.95E-01,-4.36E-02,7.072,-3.095,2.07E-03,4.96E-02,-1.7146492
ENSG00000214113,LYRM4,-7.56E-02,-1.24E-01,-2.76E-02,4.719,-3.095,2.07E-03,4.96E-02,-1.6504484
ENSG00000163382,APOA1BP,-9.16E-02,-1.50E-01,-3.34E-02,5.136,-3.094,2.07E-03,4.97E-02,-1.674094
ENSG00000143375,CGN,1.24E-01,4.52E-02,2.03E-01,1.907,3.092,2.08E-03,4.98E-02,-1.4847353
ENSG00000197728,RPS26,-1.68E-01,-2.75E-01,-6.14E-02,5.308,-3.092,2.08E-03,4.98E-02,-1.688767
ENSG00000070526,ST6GALNAC1,-2.07E-01,-3.39E-01,-7.55E-02,2.25E-01,-3.091,2.09E-03,4.98E-02,-1.4968971
ENSG00000198728,LDB1,-9.73E-02,-1.59E-01,-3.55E-02,4.923,-3.091,2.09E-03,4.98E-02,-1.6732975
ENSG00000086712,TXLNG,5.66E-02,2.07E-02,9.26E-02,5.007,3.091,2.09E-03,4.98E-02,-1.6821907
ENSG00000110367,DDX6,6.17E-02,2.25E-02,1.01E-01,8.717,3.091,2.09E-03,4.98E-02,-1.7162721
ENSG00000105877,DNAH11,1.71E-01,6.24E-02,2.80E-01,1.152,3.089,2.11E-03,5.00E-02,-1.4843566
ENSG00000082512,TRAF5,9.79E-02,3.56E-02,1.60E-01,3.799,3.089,2.11E-03,5.00E-02,-1.6090648