"asl","glasser_CMRO2","glasser_CMRGlu","glasser_CBV","glasser_CBF","hill.evo_remapped","hill.dev_remapped","glasser_GI","x","y","z","externopyramidisation","thickness","curvature","PC1_AHBA","PC1_neurosynth","T1T2","G1_fMRI","CBF","allom","geodist"
60.9579410287081,6208.33002392344,7192.99916267943,7021.06758373206,6764.11184210526,-1.72637248803828,-0.0640925596674641,-0.527573129319633,10.0783,84.1594,1.75854,0.4020745975,1.9463233645,0.210864977,-16.1755203657578,5.31340281756045,1.54611669058976,-2.97237484453383,59.059616296936,0.85284884687214,89.76
65.3516923076923,5251.60256410256,6392.6358974359,4377.14615384615,5597.21538461538,0.425740897435897,0.0110947748717949,-0.131118716793043,44.7355,67.2897,11.762,0.2895893005,2.386512889,0.13063507,-4.57688121831699,-10.9165263749551,1.49807872814623,-4.10473008730666,65.5036898111637,1.11620486995999,158.189
57.5499759036145,5615.99397590361,6721.08192771084,5117.87710843373,6088.22831325301,-1.23317759036145,-0.112510909638554,-0.258507918165735,15.102,79.0827,30.8359,0.127838834,2.119732102,0.148189154,-12.9581932352321,1.15431818684773,1.50669960469911,-4.46532189185485,56.3064242656097,0.989554871821087,104.8125
58.6655350416171,5903.80879904875,6955.82033293698,7459.24554102259,6408.23436385256,-1.4043485255648,-0.113119203995244,-0.38381130407714,12.044,82.0592,4.02933,0.3633911075,2.028844171,0.2066837985,-14.212356253163,1.154318186848,1.50888060157376,-3.68021355969847,59.3063429451613,0.843523036770871,91.4141
58.2208300194932,5503.73976608187,6697.5820662768,6514.30682261209,6026.79415204678,-1.18421007797271,-0.0935046562962963,-0.14158343895847,16.6067,84.7934,7.25865,0.4138515255,2.185817791,0.1995106495,-13.4974477742611,1.15431818684778,1.4807871956034,-3.7602850100524,58.1015458578878,0.912007311746049,92.42695
56.6005211208333,5352.16666666667,6544.56125,5305.92333333333,5777.28604166667,-0.985882,-0.0907114927291667,-0.104993971771174,29.5565,86.0086,-1.54204,0.3746596805,2.2700759035,0.186729444,-7.81728581595205,9.47248744826948,1.45880847862086,-3.99660934314804,56.8548387990148,0.983406836921203,169.925
50.3850652173913,5596.12065217391,6608.42934782609,7490.57826086957,6045.7402173913,-1.47132434782609,-0.145878206521739,-0.346299974908187,30.0992,75.9787,-13.1176,0.534154983,2.6472305125,0.170444847,-7.91872625101415,16.3800080233227,1.43834413010538,-4.2492061653776,50.8627689169925,0.956328121246492,124.9235
58.7598788059867,5372.13414634146,6702.94223946785,5041.88392461197,6151.7921286031,-0.292924652538803,-0.02423302654102,0.02840871022781,26.4774,20.198,55.7107,0.1997473745,2.714827562,0.1422188565,-8.67509172756098,-26.2993175811551,1.61925650453856,-5.04652212066637,54.2747892134893,0.858386254290065,175.23
58.2485959832636,5485.12887029289,6740.4230125523,3786.16338912134,6173.57573221757,0.381761774476987,0.0111468088121339,-0.0754612030630794,38.4715,22.8143,53.6375,0.185176394,1.7747134595,0.1564908445,-11.428855182492,-26.2993175811551,1.54298976862258,-5.04230656752899,60.563279323671,0.899373074963271,183.555
70.3097886178862,5447.09756097561,6986.36260162602,4174.64308943089,6284.85691056911,0.47347537398374,0.0588885032520325,0.218053631011111,40.6754,5.59988,52.3705,0.133034564,2.59206866,0.1696222705,0.522845308455929,-34.2474103254846,1.3792894136617,-2.51414003597832,69.1217812309917,0.925550054208306,196.765
70.1083472222222,5338.33611111111,7069.45555555556,3856.01944444444,6219.31111111111,0.328800611111111,0.295099444444444,0.437201659477876,47.8509,0.488068,40.0736,0.159482344,2.547461434,0.113488876,-1.36055136873215,-18.1652394593551,1.33345630132791,-1.49008482567627,71.6363226139184,1.05952583160262,217.425
70.3359935064935,5271.07207792208,6909.51818181818,3942.07597402597,6112.20779220779,0.352634065584416,0.232538344155844,0.361408190226972,48.4695,1.06978,50.095,0.1109520025,2.782218596,0.16103922,-1.77078631792508,-25.4524470844605,1.32703163056632,0.339662595389363,73.8080553886218,1.00171532500219,205.075
63.8686761565836,5336.71174377224,6542.28327402135,5798.9153024911,5789.08113879004,-0.815179572953737,-0.0869473797153025,-0.087938620647363,15.3268,90.3765,27.9334,0.246919662,2.1169690605,0.190005515,-12.8003232079155,9.47248744826961,1.49501131772995,-4.44556835088116,59.0290869908026,0.973861438820337,120.317
66.127215,5146.3185,6738.829,6929.556,6337.9455,-0.4244978678,0.012550715,0.346779426545182,5.24205,34.1509,21.8784,0.1595561925,2.2201733465,0.1974238675,-2.43505542229644,15.9027065250094,1.53076974642015,2.11252076365401,59.4065894742195,0.985626872045767,89.8315
60.2438279816514,5760.1873853211,7705.56032110092,5868.76032110092,6569.18119266055,-0.793220963302752,-0.102319202522936,0.545591810812322,9.3045,72.123,36.1625,0.1824129125,2.3532528315,0.1890050845,-8.45901584345755,30.6510948631707,1.3927771088069,2.69995595345168,61.7455402061028,0.983878550773629,107.796
72.2877777777778,5397.95714285714,6928.51428571429,4318.79523809524,5915.3373015873,-0.370312222222222,-0.130348992063492,0.221677493506601,24.5174,86.3821,29.8488,0.194692369,2.255370215,0.140567062,-14.6048265429632,-7.0241083350531,1.48775927173464,-4.40788630993046,58.7137297691658,1.04188601936137,123.4995
66.085103030303,5512.78606060606,7178.08909090909,4116.83272727273,6168.27454545455,-0.554610606060606,-0.0492323090909091,0.327607128626696,24.4557,74.7756,38.0468,0.2491797545,2.213353659,0.1322162985,-7.15581200056876,-12.4647572657478,1.39268442486934,-3.54022515390868,57.2583925583783,1.00175629235385,126.4245
50.4067662068965,5280.79862068965,6194.85655172414,7137.39655172414,5689.9275862069,-0.0410840896551724,-0.0680757862068966,-0.365420853071667,42.4821,61.1227,-18.092,0.752171587,2.831108957,0.1876083775,-1.67021671412952,20.2550312459086,1.3604703319037,-2.96786304363336,54.6664299829074,1.01516009524413,136.1215
63.2176153846154,5336.92884615385,6757.20576923077,3962.88461538462,5655.24230769231,-0.475750961538462,0.0226907884615385,0.126712290459891,27.1706,81.7183,17.5712,0.3624789335,2.218669691,0.1101929085,-8.6632147942368,-2.06131302045237,1.45475121435912,-4.2310062941261,55.9851152801514,1.21444157694843,133.0105
61.9007422680412,5238.71030927835,6395.62268041237,3590.85463917526,5375.02577319588,-0.411190824742268,0.0440072195876289,-0.112004374895218,39.1632,82.231,8.07593,0.3052918015,2.318196767,0.182716509,-13.8118975758428,4.58454885901606,1.4203656239642,-4.14185654256079,61.5533446523878,1.128270044326,144.7405
60.6100117647059,4904.11882352941,6082.03764705882,4250.52705882353,5202.59058823529,-0.653367764705882,0.0152610624705882,-0.00703237733562484,45.7014,85.9508,1.88719,0.466864341,2.6295754345,0.17482781,-19.3022977943304,3.59618733303191,1.39368071229685,-4.03444000510942,61.3322119031634,1.01936508155249,138.638
50.156641025641,5151.43461538462,6229.79615384615,7998.19871794872,5585.09358974359,-1.10822141025641,-0.0258436102564103,-0.168653421271589,43.8994,84.3743,-10.6688,0.4447492745,2.640393229,0.180678686,-4.37854431279198,16.6646866735626,1.38180830803784,-3.95841372855986,54.5541561781758,0.929615688201601,134.713
68.1045616438356,5335.25342465753,6401.93835616438,3708.1602739726,5595.37260273973,0.234013754794521,-0.0579012890410959,-0.226459255027991,43.3339,70.2452,14.4629,0.2647043475,2.4430035145,0.1610494215,0,-12.9163133178099,1.49950747830527,-4.09059010567117,65.835050951533,1.05618612469395,154.5115
83.1288139534884,5883.36356589147,7245.22945736434,5678.12093023256,6775.49069767442,0.46838924496124,-0.261951612403101,-0.0688262267307063,43.5396,25.2483,12.2053,0.2446000585,2.655938883,0.130972409,-11.0086387095326,-28.1711907154582,1.74735290474362,-3.76114546424813,83.936495674981,1.03434234331276,200.325
64.8178552631579,5285.46535087719,6290.35570175439,4304.86929824561,5938.50043859649,1.40384372807018,0.0727776780701754,-0.275759546544808,58.254,45.7233,25.7688,0.228037063,2.7899088065,0.17898675,-1.96446693410149,-23.3170314553122,1.26607839782949,-0.285388618616217,68.4990084332907,0.963510006331274,191.485
46.6393269955947,4971.45242290749,6768.05991189427,5613.53215859031,6088.43788546255,0.823767841409692,0.131351796563877,0.594758959228296,8.37749,-16.015,63.945,0.045501647,2.9435756325,0.166188515,1.20586063645777,1.154318186848,1.20876071406231,3.46085384594785,56.513834990799,1.0417223752568,152.895
59.9403575757576,5618.52545454545,6910.36242424242,4860.79515151515,6357.53818181818,0.0555274387878788,-0.0196344391515152,-0.072394173417383,6.35011,51.3773,48.1256,0.2178898585,2.5383237955,0.1903966485,-2.67114546513674,1.154318186848,1.29123449765411,-0.799722693420056,61.0024749819838,1.09506104160777,117.0365
71.2746235955056,5244.68988764045,6235.44887640449,4583.07640449438,5834.75280898876,1.11639393258427,0.0466673853932584,-0.279658329092064,62.525,49.1593,17.9565,0.3887350245,2.777543093,0.1702628315,-1.89003485928452,-2.78064473461212,1.31599615429219,-1.03888926568144,69.4567488002979,0.913463453764504,187.46
61.0256814159292,5816.96814159292,7371.47522123894,8543.56371681416,6561.35752212389,-0.367161663716814,-0.141110707964602,0.140476855827346,4.32793,69.4366,50.7776,0.1264509155,2.387170663,0.1775357675,-9.68126424364778,-5.6745482101855,1.2785829919226,2.65497679970063,61.0154343212352,0.994830158348336,118.7235
64.9484076433121,6023.34012738853,7714.53821656051,5116.19872611465,6835.97770700637,-0.499535942675159,-0.132900469681529,0.225378931587816,4.03195,63.5258,34.9248,0.1086761965,2.645124899,0.17431437,-5.97895066226169,33.4341368245476,1.33181014169867,5.92941164855774,65.1335103236712,1.13468223764221,107.768
54.7995393794749,5433.07159904535,6721.47923627685,5506.68424821002,6094.98090692124,-0.343356369928401,-0.176876158400955,-0.0292839651500252,11.096,58.8408,14.0008,0.2398470205,2.7385120135,0.1818808955,-3.43985695138433,40.73560869477,1.38128451787499,3.35242080531115,59.6230830601424,1.04010527691746,89.572
76.0688923076923,5459.49076923077,7079.62307692308,5718.39230769231,6727.53384615385,0.504547538461538,0.0889562830769231,0.2958108294117,3.28391,18.7803,39.7327,0.1760130135,2.9889388215,0.145234404,1.60439807976372,1.15431818684799,1.30783891806415,4.20471458075312,74.857475976383,1.00055535333803,101.352
64.4987285714286,5742.685,7315.66642857143,6446.51785714286,6543.79785714286,-0.267838357142857,-0.139204452857143,0.177592517356387,3.84717,56.4891,18.9225,0.127343904,2.891930518,0.153854202,-1.32358259889992,35.9305460946649,1.40196579646757,5.84732622647247,66.6910068954247,1.18301513109476,88.6745
76.9811168831169,5661.25064935065,7609.79350649351,6069.51038961039,6734.55324675325,-0.0958733402597403,0.107111727272727,0.573589850422098,3.3298,41.7069,31.8917,0.185743122,3.1523136445,0.14942763,-0.43505557546714,35.8607034594801,1.40150490309678,5.84778536043915,78.7524868385464,1.15858835510507,96.1155
68.021,5284.26531791907,7040.31445086705,4840.29075144509,6293.84104046243,-0.13073197283237,-0.0075568936416185,0.47570038312188,10.2474,45.9674,32.4484,0.1741298125,2.616394965,0.147360771,-5.89342416314057,19.9720222833173,1.33624800505604,6.17645875655622,69.2446207983092,1.17490172324392,98.803
51.7627372881356,5376.48898305085,6610.18559322034,6420.61610169492,6162.85084745763,0.00382012525423729,-0.0425173370338983,-0.0697956165520108,7.08699,40.6183,61.1578,0.083421864,2.261135846,0.1397039395,-10.0474975624492,-26.6354420406406,1.47254799862147,-5.22442841502058,48.2581739881378,0.760818298222193,135.55
52.2707894736842,4913.4432748538,6052.84502923977,4206.51520467836,5707.20935672515,0.248368988304094,0.0872883243859649,-0.0478894122945704,13.6154,37.3568,49.9746,0.235236829,2.208743339,0.1068350015,-6.80631343854443,1.15431818684799,1.29926631215902,-3.97839371964073,46.3029948850075,0.887795431743449,125.835
62.6489515570934,5077.03771626298,6193.27958477509,4435.71730103806,6024.73287197232,0.598666927820069,0.102308650069204,-0.112103231229535,11.2426,30.1372,42.9115,0.2225789335,2.4737501055,0.1488222865,0.89089584696173,1.15431818684799,1.25219333152964,-2.14178933455329,59.3991522875095,0.914383934638918,108.431
42.866686043956,4979.29340659341,6186.22142857143,5533.33626373626,5654.83516483516,-0.168737033076923,0.00876509362637363,0.00311180177356273,15.2139,48.7488,71.4953,0.129073592,2.1755612765,0.198046513,-1.95255245414908,-23.4230752762143,1.2862403771052,-5.02022862434387,45.9252336575435,0.876910573877572,137.395
54.0999234449761,5166.41100478469,6271.04593301435,4535.69377990431,6073.65741626794,0.816705755980861,-0.0163928762679426,-0.146138348000231,6.63565,13.5902,49.5186,0.1496133865,2.747962724,0.150963301,-1.58475481901677,-26.2993175811551,1.44151492017811,-5.18504614091093,52.3946174773985,1.03276178038983,128.095
56.4663885350318,4982.75222929936,5981.02929936306,4725.04267515924,6016.13566878981,1.18740350318471,-0.00442257796178344,-0.206407139753477,8.68216,-0.717468,43.987,0.2015961385,2.671700545,0.131919875,4.72690178338773,-29.5116843455813,1.30229206231176,-4.71060109365185,52.8562946947696,1.0620902278725,121.64
44.5488529902913,4877.85388349515,6125.67427184466,3880.06699029126,5517.35339805825,0.209768163883495,-0.0361796666019417,0.0694603594138706,22.3772,51.1617,65.2863,0.1306880415,2.177858315,0.183973913,-4.00665578448222,-28.9646275026097,1.27331785360972,-4.03363584171807,53.3647124307197,1.05515758702204,136.2825
59.3508598705502,5406.52491909385,7003.17411003236,5212.83074433657,6468.33689320388,0.950716828478964,0.0657825336569579,0.285619462960147,6.33885,-4.53543,58.4729,0.0897452415,2.859771501,0.153523285,0.297869537491613,-26.5368583808578,1.28597167893401,-2.61667446089338,57.6858465401631,1.14313380301449,136.135
33.9285392057613,4962.23909465021,6668.40329218107,4660.37695473251,5983.90411522634,0.592467942386831,0.10267424255144,0.506627747316684,20.6293,-4.42705,67.2682,0.166102381,2.7087183615,0.1803182765,1.03891850585081,1.15431818684799,1.2337219991182,-1.4908653165753,53.0082321945251,1.05776229298896,168.505
57.6035654008439,5371.75021097046,6585.09662447257,6760.4582278481,6029.28565400844,-0.282622014345992,-0.0605671,-0.0889566210310509,7.77162,60.0598,61.418,0.1723195675,2.35692358,0.1950767555,-4.22850309991634,-5.10862849244759,1.24125516250695,-1.96454597607707,57.4302358653996,1.03483521384669,126.719
61.5396826347305,5284.72994011976,6833.04191616766,7714.96586826347,6068.9245508982,-0.520704125748503,-0.148016131736527,0.267846629541863,15.0401,72.6614,56.767,0.246042682,2.3023381095,0.1813303365,-6.35119343859051,-16.1514149981121,1.31252104686756,-1.08204524489708,59.7260396288371,0.960436264266872,122.2065
42.8204236192893,5227.67563451777,6385.75025380711,2860.60862944162,5649.49847715736,1.31939335025381,0.00213477360406091,-0.108072981314968,38.331,47.1815,60.2409,0.1525769665,2.32035532,0.173936217,-4.61423312192888,-32.9361812779945,1.33475884224945,-4.57098506291707,55.176715952115,1.05911011902957,149.605
64.8717966101695,5533.08870056497,6970.34406779661,3708.16892655367,5994.06949152542,1.56618350282486,-0.0653051079096045,0.094464529476442,30.8316,57.1844,54.439,0.135501144,2.1890050715,0.1587500645,-5.70495943433449,-29.0906395220844,1.42008732680262,-3.87154238883073,61.4658885060287,1.13160245986799,142.129
58.35962,5021.791,6494.386,4284.937,5572.0545,0.619310414,-0.075302577,0.258114032632103,23.782,63.1397,63.9741,0.168846303,2.2648434585,0.1779337035,-5.47314712618996,-22.2367487359223,1.33880701108216,-3.84619086261608,58.529369616041,1.03213015392204,132.107
65.1883191489362,5432.58563829787,7115.37074468085,4141.02765957447,6079.35531914894,0.434380279255319,-0.087378754787234,0.365215455577712,25.8697,67.1758,48.8777,0.262867383,2.250103837,0.158192081,-4.38045861123695,-14.9408354226654,1.35864357077158,-0.910968318560806,57.7844172888536,1.05174762786497,133.349
42.7586103333333,4983.54588235294,6268.64784313726,3475.30411764706,5598.42745098039,0.670584757843137,0.0739283035137255,0.0802185841797218,47.7956,25.8508,54.5137,0.178524626,2.2816711295,0.1608318865,-9.07868110354748,-29.5116843455813,1.44390753268504,-5.24482892056594,52.6438726387963,0.96615834150244,181.04
56.6229532233883,5183.22908545727,6352.17436281859,3999.77436281859,5810.77406296852,1.06340839577211,0.0371678231484258,-0.0860484867543578,37.8976,33.248,51.0792,0.2063903005,2.1490207,0.139531661,-2.92669722738421,-33.7197700093053,1.37295075595625,-5.14162065645496,55.7584559388213,1.02911094555573,165.105
61.2082727272727,5203.87575757576,6485.43333333333,5960.62424242424,6093.26666666667,0.0971610121212121,-0.00756424242424242,0.0213825408860849,33.5318,22.0788,44.5674,0.1779854695,1.9842641995,0.1030730635,-7.40121536474674,-26.2993175811551,1.55303940066547,-4.97777215571592,56.9070178599546,0.859096626366239,185.275
45.3429448554913,5121.65144508671,6557.24797687861,3368.54971098266,5814.48901734104,-0.353216139884393,0.000971274202312139,0.196055641894074,35.2507,13.607,65.9931,0.3238990595,2.8182592145,0.1433269785,-6.92381144470646,-33.7197700093053,1.42949394560822,-5.21833380407223,58.2460960271534,0.903762615962396,183.72
41.0608263636364,5060.51325757576,6425.34621212121,5049.88181818182,5958.04810606061,0.217010487704545,-0.0185375519318182,0.140634658417505,13.6874,13.8698,70.0068,0.1914797925,2.6212558225,0.165879525,-3.02219800901822,-26.2993175811551,1.39976344822944,-5.05804420091984,49.0850970586141,0.931501465262674,155.445
64.2402421052632,4942.58210526316,6291.15684210526,3250.81473684211,5552.03789473684,-0.309915233052632,0.196592273684211,0.153971197058912,59.3918,-3.91663,31.9899,0.194048767,2.95391055,0.1375892755,0.139430779810326,-33.7197700093053,1.30030610004147,-4.15562099542654,68.732596519441,0.984516058023785,216.055
63.5016666666667,5207.44057971015,5982.6768115942,5357.79710144928,6335.6,0.840547826086957,-0.043609068115942,-0.485833393097092,4.18143,-0.20253,39.4965,0.105852812,2.9012091875,0.1541958595,6.48952404171734,-32.3564771037679,1.17348748036793,-2.61843039996656,64.3678597804478,0.965937968422902,113.72
56.2611666666667,4795.88636363636,5630.46818181818,5138.27727272727,6207.86515151515,0.585081363636364,0.166243575757576,-0.323208507746307,3.65878,-15.0598,25.4387,0.1017349445,2.316063968,0.157690054,10.3400579663516,-22.5820971932106,1.09920459522894,0.0305772569933624,49.435722286051,0.993232293805546,121.165
64.3378981481481,4961.03425925926,5923.20740740741,5099.41018518519,6303.03240740741,0.947093333333333,-0.00910531759259259,-0.23706094930231,6.19269,-19.5616,29.9973,0.19784916,3.0354194905,0.1370699565,11.4993050436924,-20.2894328170723,1.141324758426,-2.55570552432019,66.1071457672119,0.989272604269972,126.01
55.9466011235955,5046.77078651685,6273.22528089888,4786.47134831461,6156.83764044944,1.11865269662921,0.0504557230337079,0.00570486363711826,8.4538,-15.7361,38.3467,0.1699473875,2.837993107,0.132370425,9.83696550149592,-18.8884767656079,1.22363551626814,-2.33316831766291,53.3061131010664,1.09467922307846,130.98
66.7921590909091,4994.72159090909,6118.14204545455,4828.775,6359.01590909091,0.604936275,0.169724022727273,-0.0842674598357425,5.72998,-40.6451,-4.49736,0.1347196155,3.1378683365,0.191412997,12.4095991243779,24.5164206885198,1.10024778634586,4.73890130946206,60.3981587908886,1.16259927318799,151.67
61.5691626794258,4938.01961722488,6479.2966507177,4500.46315789474,6151.95119617225,1.04189866028708,0.161841920574163,0.347818447516753,8.42459,-42.1346,24.9592,0.1467404835,3.011285847,0.152257979,7.4200415890296,-1.61480753695309,1.18175492660944,4.9796947862,54.7272606796997,1.0790792338825,155.07
64.0717275985663,5186.17132616487,7014.4935483871,5034.44408602151,6459.31899641577,0.884212724014337,0.123128075913978,0.572590104455778,5.31487,-32.18,44.6054,0.178993263,3.0436341115,0.137654524,2.14529387976539,5.16854696954315,1.215447155374,4.42519095017285,60.9776448440552,1.02596378266639,149.715
63.1171217948718,5048.31025641026,6409.97756410256,4094.59423076923,6225.17243589744,0.458971666666667,0.0816845244871795,0.140531347843499,11.1449,-50.222,-2.87457,0.168694249,2.7244608055,0.153590711,10.751630217691,19.9402642193208,1.16716606210876,4.09316873746914,56.5219693341098,1.0837041725254,160.235
71.2247720207254,5321.82227979275,6730.39792746114,4164.69119170984,6374.66528497409,0.269339569948187,0.00742758994818653,0.118801999383284,6.77092,-51.3537,-10.596,0.210955039,2.6134229295,0.191772367,6.46782395343758,20.2173659075708,1.21005470743255,5.5831650236927,65.6039454697301,0.902095848404115,164.665
84.0322247191011,5215.52471910112,6900.60224719101,4351.13258426966,6292.15505617977,0.922613595505618,-0.209725168539326,0.421979192875339,35.9499,-32.8874,-14.3041,0.223747877,2.723082069,0.1628108645,-1.92211894870066,29.5126097364875,1.38321526514159,4.50398911843224,77.0983064893692,0.973224646408767,182.51
70.8446434108527,5113.51589147287,6987.76085271318,3668.12209302326,6093.87596899225,1.36600643410853,0.0959059068992248,0.636745683946184,38.978,-17.2324,50.7406,0.137200859,2.7325384455,0.1709757435,-0.153167137382867,1.15431818684799,1.25640554410109,6.09361814759282,72.7327184833464,1.20088434263351,202.98
70.3628559670782,5134.72057613169,7037.47572016461,3840.25226337449,6193.11028806584,0.585763251028807,0.131302937037037,0.659934563049829,24.1931,-28.9318,42.4011,0.125536554,2.579925551,0.1449644895,2.11015609867623,28.3825162650645,1.24298371406689,5.74352152801903,66.6959349090115,1.10964173656871,181.66
62.314758186398,5024.51813602015,6482.87279596977,4273.42493702771,6077.43929471033,0.573978010075567,0.0603814563476071,0.243189319331294,6.76964,-55.3528,23.1074,0.1381541855,2.887022813,0.178914043,5.24523544626041,25.2268952132448,1.16257272018068,6.24871764368918,58.4212125085223,1.00202928671092,167.965
51.2916167365269,4653.70119760479,6351.92574850299,4110.2622754491,5694.62215568862,0.517823652694611,0.136017916167665,0.576115512416412,12.9194,-35.8167,53.6059,0.1354025925,2.8529528055,0.1714377115,2.76045956060052,12.7374000832064,1.19052998865804,6.52872074237299,61.6320525672926,1.01859144340471,168.81
66.8405441696113,4843.92049469965,6399.71024734982,3573.58621908127,5771.55441696113,0.513103038869258,0.193626254416961,0.385945288547586,21.028,-47.0668,37.2685,0.1650923995,2.538482135,0.179529602,2.72056586613526,17.4781523682438,1.18631183712379,6.11579852448151,66.694115371101,1.09963671384206,178.7
60.7276945454545,4950.53709090909,6559.03963636364,3704.85818181818,5806.92872727273,0.486270872727273,-0.0650473772727273,0.411902706497633,12.6973,-66.1046,6.19374,0.1386703435,2.5541175815,0.193288634,3.98696653415539,1.15431818684799,1.18881468708542,6.24124128547582,60.2496360605413,1.03861754527438,199.765
77.2299826086957,5369.19608695652,7425.63782608696,4071.63217391304,6414.78043478261,1.02526134782609,0.0829409595652174,0.754779660582056,43.8756,-13.2193,36.5209,0.1496328325,2.5916873305,0.168906495,-0.707705584120492,18.0169778797752,1.29177659931928,5.25013016278927,70.7548203716348,1.18107226532361,213.67
78.2371512195122,5417.20731707317,7081.42585365854,4390.71512195122,6312.84292682927,0.893561219512195,0.133820941463415,0.350508066842199,54.1692,-15.5906,13.1737,0.199540382,2.7602979095,0.1849788895,3.12075308296435,5.79506239775871,1.26143706159914,3.64254898737021,73.2957389621856,0.904745294693694,220.835
75.7012367491166,5209.9148409894,6939.7296819788,4194.40954063604,6166.52685512367,1.44877561837456,-0.00399816643109541,0.46812430153182,51.5431,-26.5779,2.19112,0.161112245,2.645843274,0.177595637,-0.1561044305133,20.5310490939164,1.29164191323534,3.96021630808075,72.5446627811788,0.897912707800584,207.23
74.7638231707317,5200.08292682927,6748.65792682927,4887.90731707317,6179.17926829268,1.50334146341463,-0.214001475609756,0.289351773871137,46.6526,-29.6676,-10.888,0.2015473265,2.755347823,0.1828772525,0.269615398684239,22.6631787801737,1.24806694189707,5.71727046349666,74.4326988744847,0.860460362661437,190.995
75.5680099750623,4960.46259351621,6614.72768079801,3163.86658354115,5809.49526184539,1.43638755610973,-0.185640883591022,0.455174449028033,41.5923,-48.6921,-11.3895,0.1456376865,2.6693972175,0.1940318255,1.71825471122637,1.15431818684799,1.20377145086336,5.6993488750114,73.5439710383879,0.927574657893542,199.96
77.3525676855895,5382.74104803493,6892.34279475983,4294.85589519651,6378.7943231441,0.24820223371179,0.140651694323144,0.204540567811985,52.452,-6.89238,17.0654,0.189773245,2.704866612,0.171982135,2.28134515786637,-25.1928711179769,1.25467724440051,-1.20236924741648,73.6382721955934,1.03421196259179,225.345
75.9509390243902,5532.1743902439,7320.37317073171,4611.86097560976,6509.08536585366,0.659813902439024,0.153367845487805,0.445637388393445,43.1163,-12.6352,26.3073,0.129374642,2.5661784475,0.1298820025,1.30394006300653,15.8352029745881,1.34887987323876,0.981543724414432,69.5480540776161,1.03131204598656,223.845
79.87124,5519.072,7182.524,4322.08,6345.208,0.3657404,0.09618616,0.324178645368162,39.9177,-3.30208,29.1375,0.187661848,2.547014866,0.0920370255,5.03362349524955,-4.63710785312252,1.3408127431813,1.41828821334443,69.6034367376637,1.13858155812853,209.32
73.8070545454545,5411.15,7260.44636363636,3897.79636363636,6368.73818181818,1.11733781818182,0.160889581818182,0.537105974205889,49.2133,-23.1517,21.2184,0.1265890835,2.5020151375,0.1629878955,-3.66209086503855,21.3944751148819,1.33770356136892,2.92772427683489,70.7294583161672,0.928292234852652,212.73
76.15006875,5310.554375,7152.2325,3646.635,6245.10625,1.69633,0.02665555575,0.554732151085216,46.8289,-33.5921,10.3087,0.226938658,2.489731948,0.178852926,-2.31667631735198,8.49476058071802,1.27145871487002,0.843969620530392,70.6825087858145,0.91097879273695,220.115
76.1889671052632,5306.12236842105,7192.52302631579,3596.49013157895,6232.71118421053,1.12004013157895,0.130397856578947,0.600566893538243,47.8565,-29.0247,25.6792,0.1426816525,2.529579768,0.190803796,-4.25669751418354,8.82317743922204,1.2670255485369,3.28785268020452,73.6162847470837,1.10944845382095,215.17
75.8433785310734,5269.19519774011,6912.52259887006,3516.49632768362,6147.72401129944,1.26533358757062,0.144827959237288,0.366760489486861,39.62,-37.9617,31.3411,0.1342480115,2.564431712,0.1919186475,0.252489272833465,17.5960887191927,1.20985602333038,0.0656392517337054,71.908381906878,1.16266591161193,206.18
80.8905872340426,5307.24893617021,7239.69957446809,3425.74425531915,6225.63872340425,1.82776595744681,0.0610307102978723,0.646334162398343,40.7652,-51.1536,9.58661,0.2053423815,2.5313262075,0.2001859085,0.544144511517779,17.5960887191927,1.23537429755606,3.36847521612406,77.24330246479,1.05844246409458,209.175
73.9266,5341.47815384615,7043.90646153846,3635.05292307692,6299.55107692308,1.21010175384615,0.109345779224615,0.407722028868561,30.2175,-45.9418,23.9947,0.173521338,2.452613574,0.1889889,0.224101205045138,9.37520345302037,1.21456615210624,1.09278052586727,69.069275648936,1.13214359678332,210.63
67.5374502262443,5024.62533936652,6607.69479638009,3409.23891402715,5889.50135746606,0.689564728506787,0.145733658823529,0.36787721377577,22.0872,-57.6867,23.2261,0.1515371745,2.423823962,0.1915993625,1.75807021740674,1.15431818684799,1.18459036265178,6.04081022179439,65.3334176934509,1.12376563950052,190.915
57.6014555778894,5317.18793969849,6632.28944723618,3479.36834170854,6154.04020100502,0.154928980351759,0.00992838408542714,0.0264908442927374,4.73528,-52.521,-18.1946,0.245335099,2.7891901795,0.18321011,6.3496642751907,13.1906067000464,1.16118624431512,6.23222893652906,66.8266325349788,0.786564881396381,168.905
69.1501542857143,5259.86228571429,6914.57828571429,2966.60571428571,6034.61257142857,1.08086817142857,-0.102749817142857,0.380491177380683,28.3549,-58.9353,-5.13341,0.115305901,2.4898998855,0.2008710435,0,9.37520345302037,1.20688732561024,5.01874934722637,68.6258081743087,0.983328256271151,196.975
43.1454726842105,4844.72,6274.1052631579,2429.79526315789,5585.55894736842,0.665898947368421,-0.0889625393,0.259340163649847,14.9689,-63.0736,-14.7777,0.1376830165,2.6657595525,0.1854851145,4.83043558993321,1.15431818684799,1.18153511618192,6.16829612927559,61.0955001207498,0.857190770219414,183.165
69.9225211275964,4850.27507418398,6351.50059347181,2840.30029673591,5691.17210682493,0.796601988130564,-0.26081,0.329786377037661,26.7072,-49.3648,-15.1985,0.1249950395,2.72843265,0.171228835,1.50259288155446,1.15431818684799,1.20605442597088,2.79826927458443,65.6481053743156,0.915338681630709,183.845
74.5805707006369,4956.07802547771,6393.61624203822,3400.10031847134,5900.09140127389,-0.00929804394904459,-0.173999433121019,0.239547883189994,23.3141,-30.3895,-19.3401,0.1488605315,2.800519897,0.1493904195,5.84227641390395,21.3644251880007,1.24275714088889,2.1923481787018,72.6872398533541,1.03598664033656,173.165
49.686179309713,4917.89801324503,6328.81832229581,2749.26445916115,5900.70331125828,-0.343576938631347,0.0519942035761589,0.222511228276439,10.6586,-33.9614,-24.7031,0.203880046,2.300132143,0.2474879355,7.95265862923461,1.15431818684799,1.20106254167576,5.28347161816063,64.8117373123836,0.860127252864162,159.445
71.9685935828877,4949.46417112299,6226.35668449198,5403.89732620321,6144.43262032086,0.340813181818182,-0.141582398395722,0.0805619230289494,33.0962,-21.3267,-20.6136,0.2529953655,3.0217744495,0.1856806785,7.35096792882598,20.1198750441509,1.24011763144623,5.30868678980253,70.2112043900923,1.05111924631925,174.175
72.38685,5656.895,7448.0125,3880.7225,6362.0925,1.186463,0.0200984075,0.417257541034036,30.2907,53.9881,43.3452,0.1504359255,2.2869138815,0.152880146,-5.57508487068702,-14.7861874155534,1.38185499016291,0.688503315320047,63.6023916479869,1.13942207202667,145.9875
67.4620314136126,5252.75916230367,6904.12146596859,3928.51623036649,6093.80628272251,0.66216072408377,0.00135667591623037,0.378920005870486,25.7373,2.36215,54.1694,0.1982115035,2.5434742485,0.127765952,1.02933502393714,-34.777899162977,1.32083099260243,-2.51165577053272,64.5148958328667,0.988462853841687,179.66
69.8295895522388,5192.4947761194,7155.37014925373,4031.12835820896,6268.3828358209,1.35414880597015,0.000900672858208955,0.705556389158297,30.8878,-8.13605,57.2364,0.128430312,2.7221826005,0.1679780245,-0.567031733196176,-2.72784189404598,1.28559366512511,3.97036751274552,68.0117471643857,1.05430736764142,172.27
43.2455452777778,4956.23888888889,6885.36388888889,3816.15648148148,6040.38240740741,0.607328518518519,0.0742685553888889,0.731094298046923,22.5397,-23.3653,56.3249,0.15638809,2.7799558815,0.16559627,1.89910075627546,1.15431818684799,1.21822988849721,4.90288571621242,67.7176083859644,1.05045398208845,172.635
74.7567647058823,5136.60117647059,6338.01882352941,4467.59882352941,6120.42352941176,0.0461967494117647,0.148069701176471,-0.0418748695216089,57.1398,1.58549,9.88672,0.2053667075,2.802894513,0.1729651455,-0.680965046646104,-34.0886718649642,1.29282660430383,-3.76008118501701,71.6436711343839,0.972481605551127,224.555
63.2102661870504,5100.74028776978,5981.38417266187,5036.05971223022,5819.7273381295,0.143087466906475,-0.104098045323741,-0.353649361838141,57.973,15.1046,15.9996,0.1590110795,2.760603558,0.1698307315,-4.35352912814338,-28.1711907154582,1.2878475600565,-4.39661919022825,61.5345295088703,0.973797365622121,221.965
62.9131089108911,5365.51881188119,6291.45148514851,5045.3801980198,6168.37227722772,0.598519524752475,-0.314191188118812,-0.37480659516911,45.418,24.0855,20.0102,0.203668885,2.8402952335,0.158591531,-0.314698218893291,-32.7240511100075,1.38820047889437,-5.04858265888123,56.5934911625726,1.1235413557909,218.715
58.1986785714286,5015.03035714286,5993.75089285714,5181.13303571429,5919.51785714286,-0.378514822705357,-0.290019660714286,-0.234063852131003,39.93,17.0848,19.1516,0.1439791275,2.5767888785,0.1063287015,-6.71266048092866,-25.1473864898091,1.38431230202818,-4.3995284758489,51.5819097895955,0.92775547457199,210.295
74.0674285714286,4879.72857142857,5823.88571428571,5160,5840.62857142857,0.607215971428571,-0.316574285714286,-0.234673337961012,39.1876,21.3559,0.933792,0.4008983515,2.3155290015,0.045560856,8.92724503056876,-16.9016908561573,1.35227191725873,-3.61116017577071,67.8690446059896,0.901503863988861,196.75
71.564495049505,5149.75148514851,6189.03267326733,4898.17920792079,6031.5198019802,0.661123107920792,-0.248161465346535,-0.20731139102821,39.3725,34.6284,19.6762,0.1880874205,2.3998230275,0.089472783,-3.853519115622,-31.1054159825754,1.49180231420767,-4.16493442741336,63.5894152916298,0.953146877798251,206.65
69.3151083743842,5313.70689655172,6382.0921182266,4856.85024630542,6255.8,1.06822536945813,-0.145450910344828,-0.219351875750238,50.7483,31.7759,20.5094,0.1700770265,2.6352773665,0.157186587,0,-34.0886718649642,1.35356711383602,-3.91187650872587,61.8323572654805,1.15805104059063,204.27
59.5824916666667,4647.09458333333,4963.2975,5787.64041666667,5874.97375,0.268112860166667,-0.204715528333333,-0.804248195679465,40.6868,3.28888,-0.183868,0.1225236745,3.186109537,0.2581998415,12.584386048643,-17.5707218696108,1.20421197896101,-3.39020975635976,58.3359797131285,0.947794245097968,185.655
65.1547,4708.54866666667,5131.236,5948.52533333333,5421.56,0.917056066666667,-0.3876714,-0.713185646661641,51.8847,-1.5784,-5.25034,0.326680608,2.8479319,0.138677559,8.3112551377625,-12.9142929013191,1.24153801055922,-3.26108407507772,65.9120149805926,0.90894908207695,169.55
68.9446478873239,5131.61267605634,6350.76807511737,4543.74694835681,6227.49906103286,0.748698075117371,0.0320226200469484,-0.0228852561461288,41.3109,-12.8703,5.24385,0.1910692215,2.877854036,0.1480745635,4.92847612179972,-19.0587774204422,1.19520896516665,-1.60640637780624,62.1903077019585,0.87252235602933,212.105
71.8046613756614,5168.52486772487,6223.87142857143,4873.71481481481,6383.94444444444,0.682576084656085,-0.292536712698413,-0.195957188099272,37.2198,-11.0614,2.36632,0.181327053,3.1975847665,0.1657232615,11.9482364995033,-17.5707218696108,1.13193571206295,-1.42385823092414,68.8701059505193,0.916871989236821,188.91
58.81016,4338.1015,4394.336,6798.825,5515.1375,-0.7317833,-0.1671023515,-0.986674971870801,28.9432,-2.83392,-17.7207,0.291657379,2.9763182935,0.15213366,13.7770463019804,13.2500115826535,1.33815356486922,-1.94878180449483,50.6275026577471,0.488386864735504,155.195
75.4899314285714,5046.51942857143,6474.44914285714,4994.32685714286,6234.19428571429,1.02622285714286,-0.172686877142857,0.207243161675843,31.3575,-25.0941,-3.34717,0.2150878835,2.9208586045,0.12177635,4.21154459095896,-5.56949716839609,1.24145436383687,1.76133009881987,66.2298670372406,0.900334597519995,183.495
65.9228644067797,4692.34237288136,5198.49378531073,5468.49039548023,5902.30395480226,-0.0915065542372881,-0.120914123728814,-0.625654607255088,35.4621,-13.8666,-11.5659,0.2620941415,3.50028803,0.1471697535,17.6488770496121,3.2841071248918,1.13909734078128,1.84511429336712,62.5318990476204,0.835665412405916,164.18
70.5302653061224,5308.68571428571,6190.2612244898,5288.51632653061,6365.39795918367,0.125880734693878,0.156375693877551,-0.404901524355444,50.7986,-0.791809,4.53697,0.2378838015,2.8404944085,0.144397876,4.31765958901266,-32.7240511100075,1.23474977041284,-3.20079120142119,68.2022628954479,0.912920102665528,224.52
60.9103728813559,4934.35,5890.80847457627,4300.56101694915,5919.95423728814,0.562948474576271,-0.0656092474576271,-0.23607922302112,36.3859,-2.35942,12.9934,0.1693696595,2.658979455,0.084036448,8.574644940198,-17.5707218696108,1.19774175061974,-3.06520276287551,53.5509808960781,0.890571140288668,206.365
55.3167647058824,4965.31647058824,5638.43764705882,4681.77529411765,5738.43764705882,-0.0998360382352941,-0.0849056905882353,-0.52718753950443,42.7573,5.23199,14.5907,0.179504658,2.661046286,0.1028598515,6.71021028270575,-25.1473864898091,1.25379180469641,-4.57819272722289,48.4878755652386,0.942543316143209,214.46
60.5793048780488,5109.55975609756,6177.61585365854,4114.53414634146,5696.91097560976,1.44131329268293,0.0971052719512195,-0.168450389785768,56.6026,25.8215,36.4569,0.3246847305,2.427631752,0.158839118,-1.68520104537824,-33.2219105596564,1.2794201878247,-3.47294211505509,56.6528882663641,1.17210731611121,187.855
68.0241818181818,5683.28842975207,7033.25702479339,3900.13801652893,6124.43719008264,1.59023801652893,0.0917367272727273,-0.0305147802764497,40.5228,39.1015,42.6378,0.1771337045,2.3042321225,0.154432758,-4.72328684815795,-26.1028654575882,1.34647301485974,-2.1073378468271,60.7023579280143,1.03497954906105,159.69
27.5015786666667,3807.24416666667,4412.58666666667,4562.2375,4869.40416666667,-0.268066019166667,-0.270340841666667,-0.304348622641217,23.7666,12.2276,-30.8315,0.2616661465,2.7896077695,0.164284166,12.2469908339962,34.7196003299848,1.35116363649298,3.01988561564111,34.3947419560638,0.535199418692425,137.5015
52.7890381944444,4447.22048611111,4981.16805555556,5090.80034722222,5712.30520833333,-1.613936875,-0.200179616944444,-0.536345250619082,16.7843,34.6874,-12.2119,0.2463240085,2.049642716,0.1076288715,8.96987350837643,34.1756449070652,1.68359857904854,0.233993837581281,52.4421465489989,0.470792058210742,106.0345
52.2119933110368,4095.83665551839,4822.45882943144,3329.89431438127,5310.49494983278,-1.31729877926421,-0.183447040401338,-0.255491071492264,26.3545,23.9044,-14.9766,0.2743371355,2.588391016,0.062787212,7.0525837872481,37.7001949509597,1.08264131181791,0.335829962462691,47.1051705202822,0.287159041374958,122.7855
45.7329703947368,5094.41217105263,5844.68980263158,5976.64078947368,5680.1,-1.09778430921053,-0.137800833618421,-0.482427577820237,20.8904,55.0966,4.07365,0.1462907365,2.1747903235,0.1190071925,1.38771534747895,19.4272565689039,1.3787413575583,-3.58813018488387,47.4468883885278,0.946012426504869,91.5865
8.84082265540541,3958.2347972973,4579.99864864865,4304.45574324324,4919.97094594595,0.207702221283784,-0.0432369388513514,-0.325818285124869,31.017,8.87769,-33.3123,0.3091428695,3.230443815,0.166499583,14.8212026660189,30.6510948631707,1.14264204582095,0.0184411694413002,10.2917552485307,0.879845610582737,140.8285
61.6218396226415,4260.84905660377,4819.01226415094,5415.17264150943,4868.73773584906,0.739506037735849,-0.129212670754717,-0.465359807102488,51.3165,-12.9801,-17.6991,0.2738332355,3.2998571035,0.163876165,10.5086860024453,10.4358066086694,1.11785591055888,1.25394097825138,59.2851483876167,0.864103277451987,180.34
70.0518915662651,5555.28795180723,6446.42168674699,5443.55301204819,6090.66506024096,1.11968192771084,-0.115176457831325,-0.457227992429143,52.7324,25.68,8.80919,0.292880669,2.666773252,0.1158033495,-5.64801121158333,-1.55032320421686,1.49085344029053,-3.50696196824222,70.040765507243,0.959060656629998,199.355
70.9105771428571,5071.39314285714,5869.19257142857,4786.76685714286,5518.336,1.31070451428571,0.0626379322857143,-0.429129168648704,63.379,15.2218,-1.96353,0.2665955515,3.006775417,0.152886961,1.44386910029331,10.4358066086694,1.31173744191075,-2.09563119453505,71.7599813807857,0.878152242954504,197.26
55.0888615384615,4866.12307692308,5348.21384615385,4661.55948717949,5785.93897435897,-1.7952118974359,-0.286977353846154,-0.693325420393379,24.3856,37.4434,-14.3888,0.3155964135,2.8172007355,0.1140138235,4.82036889108588,37.7001949509597,1.3488259157921,0.61193348119048,54.1835582610723,0.776186670712536,110.231
47.3374163793103,4742.58275862069,5368.33879310345,3944.5,5355.38793103448,-1.14090587068966,-0.0829788224137931,-0.518657781746262,31.7682,37.3559,-18.0633,0.5076451055,2.696323677,0.146180382,6.75068552115734,39.1476092936851,1.25685303404321,-1.30488848685957,46.7636912574608,0.945489915063994,124.8855
65.3477058823529,4706.63568627451,5564.83176470588,4370.86352941176,5230.85176470588,1.28225180392157,0.0403373617254902,-0.277196840210109,53.9825,5.54063,-12.5093,0.2726199395,2.783843213,0.1277375615,5.51216190236104,18.1547085849603,1.22678817706469,1.75253258068467,66.4250642886962,1.01498246544508,187.835
67.5357934131736,5163.99461077844,6107.05928143713,4457.76437125749,5589.30119760479,1.4779125748503,0.0709404655688623,-0.3071022128544,52.8064,32.7768,0.962891,0.2120898065,2.6159753195,0.1130938275,0.0162421119279206,10.4358066086694,1.33703587521858,1.80105998408725,66.6218683813173,0.979811400258906,196.935
74.4320892857143,5165.89107142857,6256.79464285714,4586.87142857143,5733.32857142857,1.4557625,0.205905714285714,-0.159739227818033,56.2767,35.0728,-3.35472,0.1846698025,2.7799583015,0.131844305,1.57889853262176,18.1547085849603,1.27358211662294,5.84496649978406,66.025191570332,1.00032733603576,181.165
20.6712043254355,3997.30662020906,4599.73170731707,4759.56637630662,4726.92926829268,0.63625467674216,0.0717905374912892,-0.354962101352724,39.1063,-11.9379,-34.8801,0.2093403745,3.2312396495,0.179053621,12.3318798465169,12.7374000832064,1.08588071009252,4.67217779825675,18.5480790456717,0.818843298441468,161.97
51.1673110801394,4465.5787456446,5549.806271777,3919.04634146341,5111.00801393728,1.57410557491289,0.188735442508711,0.0093277111641961,60.9602,5.86436,-22.6051,0.3127968535,3.187428833,0.1707960695,6.89570917427816,29.0612342646022,1.1621777150043,6.41201494353897,58.3121111386473,1.12783963962649,182.595
69.0967415859031,4847.62378854626,6073.04933920705,5222.57885462555,5483.95991189427,1.49796519823789,0.228666224669604,0.0546517470502422,61.6886,49.8954,-9.54834,0.4111328845,2.958685008,0.203416477,2.9181796831757,15.5773126642309,1.23251133696453,5.07196462941599,72.6179881888037,1.05169724976874,164.195
14.0980775586854,4529.67558685446,5715.61361502347,3959.42441314554,5268.64037558685,1.65891971830986,0.173456072769953,0.0949531469492172,58.055,24.7048,-27.6494,0.2351945515,2.8592896385,0.2065042805,7.49552346848939,1.15431818684799,1.18649319483512,4.87714165952809,28.6663751344331,1.06867341430316,164.595
30.6035325684932,4518.77226027397,5351.32808219178,3606.93869863014,5207.24006849315,0.723235965753425,-0.0841157616438356,-0.25569287562898,43.364,20.1944,-30.8138,0.4511502415,2.8441636215,0.166989839,8.55481995444744,15.9027065250093,1.21866942147609,0.695191273270825,37.4409885205643,0.999118291543217,136.261
47.1595266063492,4850.92751322751,5899.25873015873,5202.4328042328,5480.12169312169,1.37393978835979,-0.0169908789518519,-0.12327165452998,48.6919,42.6778,-21.062,0.2374823245,2.774865854,0.170226069,3.89123710046442,19.6585678402418,1.25523103373451,-1.08277192499254,48.9451275299922,1.09401801712226,149.9665
71.5301511627907,5056.03139534884,6119.81395348837,4789.26860465116,5677.9488372093,1.16755034883721,0.112094478488372,-0.159291017183306,57.572,62.2133,3.19919,0.4509727795,2.86651655,0.1969192615,1.08455880918317,-6.3696461761573,1.24489129071284,0.804383916423816,69.7232838216454,1.08675259882937,168.8345
61.0169393939394,5047.69350649351,6151.51212121212,6258.94935064935,5493.96147186147,0.441142928571429,0.00654906146363636,-0.117162572085464,45.5783,66.0113,-6.14162,0.368465952,2.6635612465,0.175590104,-2.49067631791417,19.9521508738801,1.30744287222718,-2.45727356318161,59.2692985546732,1.0825369978986,147.9255
65.3534509803922,5179.83843137255,6184.12705882353,4842.12588235294,5755.11725490196,1.17339435294118,0.123347781607843,-0.249854253929143,55.7398,45.4134,9.90295,0.288575422,2.6510129025,0.1413597455,-1.66320225038005,2.78975995624923,1.37152739424332,-0.665380632632649,68.2710864684161,0.942037533794608,186.42
66.3634597156398,5354.763507109,6419.94502369668,4580.10142180095,5908.66255924171,0.972163981042654,0.0502373395260663,-0.232858714165292,52.3798,62.1202,15.8694,0.2889287415,2.6593399925,0.1793745935,-0.740282664180739,-6.61930202801996,1.36102992726697,-1.96456810604743,67.5022655872384,1.02680490810481,167.1255
65.4086935483871,5304.04032258064,6424.83548387097,4025.63709677419,5759.35161290323,0.30147564516129,-0.0751855951612903,-0.164516114833527,46.9868,73.0318,21.3395,0.2755199145,2.4154163665,0.1474021935,-1.86541847734814,0.123426890142355,1.36944606237094,-2.25447068007096,60.7209079869263,1.03678077396226,160.421
53.4489320652174,5362.05108695652,6680.45489130435,4709.87472826087,5925.22010869565,-0.663336744565217,-0.180875751086957,0.0185347595308801,17.7829,73.1429,34.9092,0.2096673485,2.259522091,0.177654701,-3.11935929429014,1.15431818684799,1.37135715272242,-2.96510239194364,56.5667469342213,1.03660113795697,103.5295
68.6923818181818,4963.89090909091,6177.9903030303,3340.03757575758,5389.66666666667,0.0187991781818182,-0.0520252042424242,0.0141484218203503,37.6973,85.1795,24.7737,0.237325028,2.594901552,0.197224752,-2.54790324094653,1.15431818684799,1.28783614403672,-1.80062797170801,65.7724331040668,1.13340166555511,150.7475
64.7823595505618,5467.35280898876,7086.90337078652,3907.52921348315,6187.60337078652,1.69802134831461,0.179978599325843,0.293256109061728,42.8834,46.2055,44.3221,0.153393316,2.39288393,0.162337282,-3.49064046095479,-14.4026527462754,1.33519429265719,3.23481938230066,62.6820867637108,1.004361447645,166.05
65.0647403314917,5616.90856353591,7321.17845303867,3938.84033149171,6145.97044198895,0.0874877599447514,-0.00254017267955801,0.340444504277866,30.7299,68.3416,39.3694,0.239065848,2.397877029,0.177345619,-6.7690014671284,-12.9295853917524,1.3366547199514,4.38244761311102,67.1821648910934,1.07394512553797,154.406
62.333924,5397.954,6881.7888,3871.548,5820.6144,-0.307874256,-0.05677467104,0.174955939347691,30.9742,77.3101,25.6151,0.2828916995,2.394448028,0.148747271,-5.64808580202482,3.70558721390863,1.35078658835712,-1.77014987642566,63.6253722417922,1.16538690580104,143.8575
65.4371538461538,4974.24615384615,5874.47948717949,4373.53846153846,5720.42051282051,0.926619230769231,-0.067886052991453,-0.302316281632932,63.3344,24.616,23.2961,0.247962198,2.734286534,0.188018557,-0.112008516691324,-51.2993831898318,1.25073442558916,-3.32019852964008,61.1153415913852,1.1587310054535,202.165
67.8284862888483,5033.61718464351,6251.59744058501,4302.34606946984,5850.55575868373,1.68562239488117,0.129144604936015,0.000531514188722157,61.332,36.1618,35.8382,0.2990476415,2.6428975645,0.1905528235,-1.57946208566264,-25.0725325014919,1.24104650024302,-0.920500765107842,64.5635666782071,1.14675669747439,190.575
68.102792746114,5297.39360967185,6890.42124352332,4134.24766839378,6034.54905008636,1.44485559585492,0.106930635578584,0.309384346593766,50.9365,55.7584,44.4016,0.223038558,2.602183364,0.1963742265,-2.72968775330358,1.15431818684799,1.25954653134218,5.08119923030682,67.0038620545625,0.962466594133271,171.42
64.4737142857143,5289.88642857143,6534.31619047619,4451.07047619048,5897.40333333333,1.19118247619048,0.0820355627380952,-0.037329602478058,47.2661,63.5669,27.8814,0.228460764,2.58582635,0.1737546205,-2.63116479456021,25.1898153100597,1.29188199441804,5.48326349739761,62.4276497868848,1.01599352494927,177.22
68.6685738831615,5063.72027491409,6580.65532646048,3881.41305841924,5730.8824742268,0.472941950515464,-0.039720899862543,0.291931956221112,39.9633,75.9203,40.9077,0.196498881,2.600558084,0.197017071,-3.38737553041801,30.9873205632192,1.26523465931359,5.60961611822233,64.6423267743073,1.09050740140348,155.3205
62.3735391304348,5284.54347826087,6641.67217391304,4299.51739130435,5807.99565217391,-0.789117043478261,-0.0872873034782609,0.0767101416447498,21.2766,85.896,42.021,0.250681281,2.3043343835,0.162462914,-8.41361547770441,1.15431818684799,1.40817381814122,-4.49763058977468,57.7749063457761,0.982289788622877,115.784
57.7754620689655,5460.04137931035,6106.11448275862,4665.26827586207,5845.15379310345,-1.42164903448276,-0.457688,-0.678386550122122,21.4739,53.4058,-5.95847,0.337135069,2.528288586,0.1598190595,-8.87813358751532,1.15431818684799,1.4473732390574,-4.08514667834554,55.0089222363063,0.885900782209457,102.9195
51.7552553191489,5316.4914893617,6051.07659574468,4525.29787234043,5525.08936170213,-1.63638723404255,-0.367317021276596,-0.55385078304166,28.0457,60.7758,-11.3826,0.4419348475,2.542325215,0.159839778,-3.39122693929023,16.3800080233227,1.40884426198806,-4.18295358774955,48.4409369227283,1.0159166753906,119.5925
54.9379298245614,4573.66666666667,5302.48552631579,4082.65614035088,5468.04692982456,-1.85225671052632,-0.254560929824561,-0.373205558307617,33.2771,36.3972,-11.3372,0.3130799515,2.349726632,0.073565653,8.50001719090346,39.3818396933293,1.20113260795673,1.75901941632037,53.6460166772207,0.815990431946272,116.315
62.1397636363636,4950.01636363636,6247.67636363636,4185.49454545455,5349,-0.204359821818182,-0.0451682458727273,0.101190837259305,50.7097,78.1533,8.67792,0.2824166435,2.528893863,0.1750657665,-9.18546877854179,-1.81986245008816,1.40706858869929,-4.17966035925425,61.6575862994561,1.08538109564352,141.8425
62.696193877551,5147.74081632653,6271.71530612245,4753.39795918367,5625.53469387755,0.783696040816326,0.0533187724489796,-0.122113513141088,45.2704,69.3958,4.99547,0.3650222445,2.5305962775,0.167750418,-2.99599220510002,-13.689275058505,1.33142208144627,-3.67757388710338,62.9105496483053,1.09859947523656,149.417
67.7432823529412,5254.14823529412,6553.34588235294,3677.85647058824,5527.02,-0.344997882352941,0.0669513035294118,0.0264067621786906,37.9737,87.9794,12.2078,0.411511787,2.341945138,0.184302189,-5.92646551327364,3.70558721390863,1.4004659733989,-4.07813583720814,66.7365152185614,1.17205457152744,140.7575
61.7306086956522,5096.34130434783,6183.3847826087,3473.60869565217,5399.57826086957,-0.0326237304347826,-0.0907978913043478,-0.14614584605374,39.8904,76.9018,14.8379,0.3355740265,2.482075593,0.198163568,-6.52149208538012,4.58454885901606,1.38590761808434,-4.18712450097306,65.7012172949435,1.07946548374416,153.558
49.1825,4905.27619047619,5707.73095238095,4464.12261904762,5288.95714285714,-1.62781071428571,-0.403867857142857,-0.38278687954463,28.7074,53.3036,-6.17996,0.266794567,2.347320051,0.117294524,-4.25404511285081,33.1732979558157,1.36049153975078,-3.95209487817042,45.5475829418441,0.947854041347049,109.5565
63.2433624161074,5487.10536912752,6873.25637583893,4486.52214765101,6203.83422818792,-0.273525187919463,-0.054086510147651,0.0548996601180089,9.0049,52.5735,35.0112,0.1247714685,2.3844034585,0.125226317,-5.56646666679411,34.7204106214786,1.32633010931313,6.01360499603408,61.7189442651612,1.16581244987917,108.2675
71.1560508474576,5629.6593220339,7189.98644067797,4471.54237288136,6577.94745762712,0.11283428,0.0989191694915254,0.193301937745518,4.28015,36.5937,43.2936,0.2421514725,2.811913824,0.174348108,-0.435847829444998,1.15431818684799,1.26951506566176,3.79531925065177,72.2424100074933,1.01831916190405,110.756
54.5123772486772,5441.02645502645,6160.57777777778,4879.3,5949.9126984127,-0.934876338624339,-0.205532465608466,-0.600136546264608,31.5661,50.5911,-18.4435,0.405148564,2.953213578,0.182895796,1.7464625217979,30.078461732003,1.40862905369302,-3.53377017770034,55.3010775763709,0.922011666011614,128.0485
61.8394117647059,4740.96302521008,5765.1512605042,5333.07478991597,5957.44705882353,-0.248921579831933,0.161260757983193,-0.1198191097465,4.60878,-21.1731,-11.8975,0.1785418505,3.018216197,0.1408748195,13.5413520818025,5.59941149141241,1.13928552920168,5.15542826327411,57.5224892009388,1.12613493031145,141.645
68.8095967741936,5092.46612903226,6326.9,4434.44112903226,6245.20483870968,0.215129497580645,0.111814166209677,0.00221701971905667,8.57451,-35.1159,-14.0248,0.238471231,2.7708857265,0.1736829595,10.6519405985417,10.5606372169532,1.16250593574608,5.7699773423812,59.0915115636938,1.09533106851877,153.565
68.2361770833333,4692.61875,5790.9046875,4970.99010416667,5857.60833333333,-1.00480625,-0.0488011328125,-0.0335894388669469,13.0382,-12.4047,-19.1142,0.2688404115,2.8664346445,0.2102967125,11.7592058857945,3.96310486180556,1.32937336870602,1.71374974898994,65.2794206346784,0.945320523907418,156.515
65.2318811881188,4505.52178217822,5073.37821782178,5645.08366336634,5726.84405940594,0.448329024752475,-0.19733829019802,-0.517067061877569,39.3954,12.0696,-2.81668,0.208367224,3.088810432,0.164488033,5.8573892936825,-19.0587774204422,1.21180801959629,-2.91846941016678,60.4442645613624,0.927151361456151,181.385
63.6097368421053,5033.97368421053,5970.96228070175,5316.87280701754,5873.75614035088,-0.211609697368421,-0.248144797368421,-0.280549608627385,36.1986,15.4863,14.8086,0.2528508775,2.740413761,0.1193052975,-4.12646836779162,-17.5707218696108,1.35523763087746,-4.45859215793938,56.3813510872852,0.850940650399135,202.9
72.8145306122449,4999.22789115646,6448.24149659864,4606.50884353741,6132.77755102041,1.11012653061224,-0.178259156462585,0.240194837548383,36.5328,-27.3724,3.93987,0.1697953145,2.63713041,0.1067735485,0.579515412353525,8.49476058071802,1.2858885932476,-0.728036691018559,61.3755880721072,0.862099067440342,202.37
72.7074516129032,5243.81152073733,6989.46912442396,3133.0400921659,6026.62764976959,0.871258110599078,-0.0439722019815668,0.475460711510845,25.8147,-61.4811,3.63138,0.10748694,2.402629541,0.203450701,-0.0804956591229341,9.37520345302037,1.23198281526566,5.33661111725701,71.9496323002709,1.09748132600842,196.625
79.5527741935484,5286.45752688172,7132.46075268817,3755.66612903226,6273.09247311828,1.99695376344086,0.0352014197849462,0.565104342374145,44.7689,-43.7778,0.960144,0.183056859,2.4706372505,0.1908330775,0.664919782374368,8.49476058071802,1.22439864767415,4.41451303116633,73.7956203813568,0.902391608033564,211.755
0.0337785234899329,4288.75167785235,4896.32617449664,4240.45570469799,4778.22953020134,0.941369395973154,0.200976570469799,-0.422950665114404,37.8343,0.989441,-45.0931,0.287618894,3.2194524115,0.1883126215,9.49247064547716,1.15431818684799,1.10997943879408,1.73969137579623,0,0.852565282446366,158.88
77.9973065693431,5446.49416058394,6411.98759124088,5331.48540145985,6265.63357664234,0.727956868613139,-0.297335255474453,-0.355566555993443,44.8325,17.244,4.61514,0.335707071,2.579992833,0.1316107175,-7.47803791264494,-16.9016908561573,1.56529773323126,-3.6947346410871,76.1621011816045,0.951976174807042,199.15
78.0731,5787.766,6954.798,5603.362,6415.148,0.6675903,-0.21996212,-0.239669962810107,44.8976,27.7976,9.01097,0.255649071,2.546377606,0.125790495,-7.02173635699033,8.59773951517796,1.63636087607115,-3.71964627113777,75.3906413999378,0.967311280058684,209.405
70.2146351351351,5187.76486486486,6014.84504504505,5013.20495495495,5673.41396396396,1.20757705405405,-0.123057957162162,-0.429051835226771,63.2726,21.6505,8.48093,0.2540462215,3.0214217025,0.154163828,-2.11055940561001,-1.23924314632482,1.37696422537168,-3.17442407608032,72.0482380407828,0.898236656581465,197.185
62.93343,4552.294,5486.047,4203.482,5086.68,1.386545,0.14451921,-0.162907959277382,52.3577,9.35065,-16.8955,0.3656296305,2.6871766515,0.127076952,6.16844866574853,25.0970462704081,1.2147053531238,5.49997137349749,60.3075863490029,1.07053049785616,190.285
73.371048447205,4755.59565217391,6071.24782608696,4468.17391304348,5432.96894409938,1.72196211180124,0.210239291925466,0.167972779365691,64.6565,26.8643,-14.7233,0.160403817,2.946130345,0.200775995,4.89396232764411,1.15431818684799,1.233948303432,6.1897413439867,75.7514716822927,1.10870716893293,176.685
54.6385384615385,4104.71208791209,4477.57362637363,6798.43956043956,5072.08241758242,0.137755763736264,-0.314293714285714,-0.611478991711151,44.8519,4.32236,-13.1336,0.12726249,2.5557423505,0.0495814775,9.92925095871749,1.15431818684799,1.14345958590092,-2.41828514299703,56.8129297808072,1.00738265351375,172.71
57.2504876847291,4914.29704433497,6383.85172413793,4651.1960591133,6127.87931034483,1.22072807881773,0.0957011463054187,0.282049260151306,7.89767,-30.5628,28.0176,0.166255,2.9279719375,0.126271441,7.24079234688991,-0.694379381529455,1.18634763430147,0.653818694698652,52.1413339642917,1.08608034381752,144.94
62.624,4966.85344827586,5976.81379310345,5018.52413793103,6366.97586206897,1.03554224137931,0.00381295293103448,-0.190734074833699,4.98495,-38.4896,10.9708,0.146750758,3.1829083745,0.169778488,15.7904515101639,-0.664599995730483,1.06003758886031,0.449938149275702,58.7570390474229,1.0847856755294,144.425
